chrom	start	end	name	source
chr15	17694761	17794240	chr13:17518053-17641329	SegDup
chr15	17698236	17798256	chr14:12740361-12857051	SegDup
chr15	17698372	17794242	chr22:16622025-16724536	SegDup
chr15	17699101	17794242	chr9:42442885-42545179	SegDup
chr15	17700367	17798256	chr22:15742936-15859658	SegDup
chr15	17714855	17794240	chr2:132581233-132665506	SegDup
chr15	17726014	17751438	chr9:40530750-40552956	SegDup
chr15	17740143	17751440	chr9:77603737-77614131	SegDup
chr15	17740143	17751440	chr9:79932086-79942481	SegDup
chr15	17782164	17791173	chr10:46065615-46075607	SegDup
chr15	17782164	17791738	chr10:27361551-27371642	SegDup
chr15	17785808	17789285	chr10:27343428-27346927	SegDup
chr15	17796941	17816266	chr7:58567612-58598160	SegDup
chr15	17796941	17820411	chr7:59122015-59160964	SegDup
chr15	17796941	17828322	chr7:59913530-59954026	SegDup
chr15	17796941	17834950	chr16:32490075-32536900	SegDup
chr15	17796941	17834950	chr16:33192463-33238765	SegDup
chr15	17796941	17834950	chr16:33459406-33506645	SegDup
chr15	17796941	17834950	chr16:34203464-34250756	SegDup
chr15	17796941	17848604	chr7:58582810-58637252	SegDup
chr15	17797454	17814473	chr16:35612548-35634376	SegDup
chr15	17798269	17802773	chr7:53283486-53288012	SegDup
chr15	17798269	17802967	chrY:11702924-11707523	SegDup
chr15	17798269	17803003	chr7:66324743-66329507	SegDup
chr15	17798269	17803003	chr7:66790914-66795678	SegDup
chr15	17798269	17803006	chr22:6393559-6396851	SegDup
chr15	17798269	17803006	chr2:89911571-89919206	SegDup
chr15	17798269	17803028	chr1:144007117-144013336	SegDup
chr15	17798269	17803046	chr1:142303428-142310828	SegDup
chr15	17798269	17803046	chr9:42642059-42646818	SegDup
chr15	17798269	17803050	chr10:43048810-43055549	SegDup
chr15	17798269	17803051	chr1:143143921-143150125	SegDup
chr15	17798269	17803053	chr13:13433622-13438446	SegDup
chr15	17798269	17803068	chr2:90934406-90941609	SegDup
chr15	17798269	17803073	chr2:89783403-89789837	SegDup
chr15	17798269	17803076	chr15:17842870-17847736	SegDup
chr15	17798269	17803079	chr22:11283589-11288247	SegDup
chr15	17798269	17803079	chr2:94912332-94917145	SegDup
chr15	17798269	17803081	chr17:27701032-27705927	SegDup
chr15	17798269	17803082	chr22:11411931-11416886	SegDup
chr15	17798269	17803084	chr9:40629342-40634230	SegDup
chr15	17798269	17803084	chr9:80033035-80037739	SegDup
chr15	17798269	17803085	chr2:91659328-91665828	SegDup
chr15	17798269	17803085	chr2:91994207-91999381	SegDup
chr15	17798269	17803085	chr2:92232762-92237960	SegDup
chr15	17798269	17803085	chr9:44864453-44869422	SegDup
chr15	17798269	17803085	chr9:77506600-77511869	SegDup
chr15	17798269	17803087	chr13:10988291-10993796	SegDup
chr15	17798269	17803087	chr14:8472669-8477535	SegDup
chr15	17798269	17803087	chr14:8605476-8610346	SegDup
chr15	17798269	17803087	chr22:11228377-11234377	SegDup
chr15	17798269	17803087	chr22:17058029-17062914	SegDup
chr15	17798269	17803087	chr22:6448584-6454486	SegDup
chr15	17798269	17803087	chr2:94778950-94783848	SegDup
chr15	17798269	17803093	chr14:6003536-6008264	SegDup
chr15	17798269	17803093	chr21:10499158-10503886	SegDup
chr15	17798269	17803093	chr21:8013984-8018989	SegDup
chr15	17798269	17807679	chr1:121400787-121410809	SegDup
chr15	17798269	17820760	chr7:66709002-66732767	SegDup
chr15	17798269	17822521	chr17:27898574-27922282	SegDup
chr15	17798269	17823559	chr7:58098941-58118183	SegDup
chr15	17798269	17824627	chr14:8332206-8357673	SegDup
chr15	17798269	17824627	chr17:22552448-22572947	SegDup
chr15	17798269	17824627	chr21:8053442-8078835	SegDup
chr15	17798269	17824627	chr22:11534415-11561362	SegDup
chr15	17798269	17824629	chr10:39005952-39032034	SegDup
chr15	17798269	17824629	chr13:11028242-11053637	SegDup
chr15	17798269	17824629	chr14:8728412-8755356	SegDup
chr15	17798269	17824629	chr18:15332912-15364016	SegDup
chr15	17798269	17824629	chr2:132452290-132478899	SegDup
chr15	17798269	17826278	chr1:128925256-128955205	SegDup
chr15	17798269	17839184	chr1:128832677-128874671	SegDup
chr15	17798269	17839458	chr16:39288198-39331568	SegDup
chr15	17798371	17803051	chr2:89417215-89422071	SegDup
chr15	17798371	17803051	chr2:90319383-90324213	SegDup
chr15	17799110	17832689	chr1:143420020-143456566	SegDup
chr15	17799110	17839192	chr1:142565548-142608370	SegDup
chr15	17799125	17832689	chr1:143710086-143746988	SegDup
chr15	17799818	17803057	chr16:34577610-34580852	SegDup
chr15	17799818	17803079	chr16:32894437-32897679	SegDup
chr15	17801890	17820411	chr7:59245992-59265462	SegDup
chr15	17802616	17806550	chr7:59373181-59378049	SegDup
chr15	17802616	17806771	chr17:27671122-27675399	SegDup
chr15	17802616	17806773	chr21:8042899-8047248	SegDup
chr15	17802616	17806773	chr22:11258438-11262782	SegDup
chr15	17802616	17807392	chr1:128980821-128985930	SegDup
chr15	17802616	17807816	chr13:11017708-11022050	SegDup
chr15	17802679	17839192	chr1:142243905-142281455	SegDup
chr15	17802713	17806810	chr2:94809426-94813344	SegDup
chr15	17802713	17806810	chr2:94882829-94886752	SegDup
chr15	17802758	17848641	chr22:11411323-11457717	SegDup
chr15	17802761	17806018	chr16:32469172-32472549	SegDup
chr15	17802761	17806550	chr16:34181769-34185875	SegDup
chr15	17802761	17806810	chr16:35586976-35591049	SegDup
chr15	17802761	17806985	chr16:38016720-38020940	SegDup
chr15	17802761	17806985	chr22:16952039-16955927	SegDup
chr15	17802761	17807878	chr10:43022368-43026418	SegDup
chr15	17802761	17807878	chr7:58331211-58335074	SegDup
chr15	17802761	17848649	chr14:8433691-8477812	SegDup
chr15	17802761	17848649	chr14:8604781-8650955	SegDup
chr15	17802764	17807436	chr22:6419117-6423060	SegDup
chr15	17802769	17806732	chr2:91629808-91633714	SegDup
chr15	17802782	17821411	chr16:33944913-33963189	SegDup
chr15	17802786	17806875	chr2:89815444-89819526	SegDup
chr15	17802786	17806875	chr2:89881883-89885965	SegDup
chr15	17802787	17806550	chr16:33437973-33441842	SegDup
chr15	17802787	17809654	chr16:33057467-33065826	SegDup
chr15	17802791	17821411	chr16:35342667-35360888	SegDup
chr15	17802795	17810652	chr7:66346934-66355686	SegDup
chr15	17802795	17810658	chr7:66764709-66773489	SegDup
chr15	17802795	17810660	chr7:66869444-66878253	SegDup
chr15	17802802	17807952	chr16:33633297-33639605	SegDup
chr15	17802828	17807934	chr16:32665880-32671636	SegDup
chr15	17802828	17809654	chr16:34379696-34388760	SegDup
chr15	17802829	17806875	chr2:90967162-90971108	SegDup
chr15	17802838	17806773	chr1:128803247-128807068	SegDup
chr15	17802864	17806018	chr16:33256577-33259702	SegDup
chr15	17802864	17806983	chr7:59972347-59976138	SegDup
chr15	17802864	17806985	chr7:58655701-58659502	SegDup
chr15	17802864	17806985	chr7:59099769-59103570	SegDup
chr15	17802864	17807878	chr7:58849229-58853023	SegDup
chr15	17802864	17807878	chr7:58899842-58903636	SegDup
chr15	17802874	17806550	chr1:126880117-126883869	SegDup
chr15	17806133	17807931	chr16:32669221-32672217	SegDup
chr15	17807920	17824627	chr7:53318003-53332678	SegDup
chr15	17812122	17824476	chr17:21732284-21744629	SegDup
chr15	17812403	17824629	chr7:59274010-59285916	SegDup
chr15	17812408	17824626	chr22:16932385-16944578	SegDup
chr15	17812408	17824627	chr17:22398290-22410445	SegDup
chr15	17812408	17824629	chr16:37997567-38009952	SegDup
chr15	17812408	17824629	chr1:128783602-128795778	SegDup
chr15	17812408	17824629	chr1:128901301-128915442	SegDup
chr15	17812408	17824629	chr1:128992107-129004283	SegDup
chr15	17812408	17824629	chr22:11268981-11281176	SegDup
chr15	17812408	17824629	chr2:89826775-89838971	SegDup
chr15	17812408	17824629	chr2:89862438-89874634	SegDup
chr15	17812408	17824629	chr2:90978022-90991676	SegDup
chr15	17812408	17824629	chr2:91610376-91622573	SegDup
chr15	17812408	17824629	chr2:94820287-94832542	SegDup
chr15	17812408	17824629	chr2:94863634-94875889	SegDup
chr15	17812408	17824629	chr7:58667429-58679502	SegDup
chr15	17812408	17824629	chr7:59079768-59091841	SegDup
chr15	17812409	17824629	chr10:43033511-43042053	SegDup
chr15	17812410	17824629	chr22:6399491-6411685	SegDup
chr15	17812410	17824629	chr7:58311363-58323679	SegDup
chr15	17812410	17824629	chr7:59982238-59994419	SegDup
chr15	17812410	17839192	chr17:22293396-22320156	SegDup
chr15	17813213	17824629	chr7:58830582-58841969	SegDup
chr15	17813213	17824629	chr7:58910896-58922283	SegDup
chr15	17813266	17824629	chr7:59355969-59367003	SegDup
chr15	17814255	17839192	chr7:59172184-59198380	SegDup
chr15	17814919	17824629	chr17:21796785-21806463	SegDup
chr15	17815804	17823705	chr16:33891539-33899405	SegDup
chr15	17815804	17823705	chr16:35287169-35295042	SegDup
chr15	17816228	17824629	chr17:27656600-27664914	SegDup
chr15	17817331	17839192	chr16:39436162-39457426	SegDup
chr15	17817353	17839192	chr16:37894713-37916500	SegDup
chr15	17817353	17839192	chr16:39185035-39207321	SegDup
chr15	17817353	17839192	chr16:39239699-39261515	SegDup
chr15	17817353	17839192	chr16:39474721-39496534	SegDup
chr15	17817353	17839194	chr16:37953959-37974684	SegDup
chr15	17817353	17839478	chr16:52232128-52260536	SegDup
chr15	17817353	17848576	chr16:39325156-39357051	SegDup
chr15	17817929	17824629	chr16:32479771-32486742	SegDup
chr15	17817929	17824629	chr16:33242099-33249063	SegDup
chr15	17817929	17824629	chr1:126865049-126872720	SegDup
chr15	17818123	17839192	chr7:59834276-59855193	SegDup
chr15	17823725	17848613	chr9:40628678-40653353	SegDup
chr15	17823725	17848649	chr9:80031337-80056855	SegDup
chr15	17824435	17839192	chr7:60025871-60041910	SegDup
chr15	17824615	17848396	chr2:92232004-92256252	SegDup
chr15	17824615	17848452	chr9:44864055-44887586	SegDup
chr15	17824968	17837063	chr7:58878737-58892116	SegDup
chr15	17824968	17837226	chr21:11483840-11499689	SegDup
chr15	17824968	17837273	chr7:59386270-59398560	SegDup
chr15	17824968	17839192	chr1:126891584-126905817	SegDup
chr15	17824968	17839192	chr22:16818868-16832739	SegDup
chr15	17824968	17839192	chr22:16963653-16977650	SegDup
chr15	17824968	17839192	chr7:59307990-59323904	SegDup
chr15	17824968	17839478	chr10:42995986-43012994	SegDup
chr15	17824968	17840779	chr7:58860750-58878727	SegDup
chr15	17824968	17847377	chr7:53283492-53306222	SegDup
chr15	17824968	17847442	chr1:128814766-128837231	SegDup
chr15	17824968	17848161	chr7:66790912-66817301	SegDup
chr15	17824968	17848192	chr13:10987594-11009976	SegDup
chr15	17824968	17848250	chr7:59940297-59964617	SegDup
chr15	17824968	17848283	chr16:35598669-35623355	SegDup
chr15	17824968	17848283	chr2:132473864-132496891	SegDup
chr15	17824968	17848396	chr2:91976286-92000142	SegDup
chr15	17824968	17848572	chr7:58623014-58647972	SegDup
chr15	17824968	17848590	chr1:128949449-128973116	SegDup
chr15	17824968	17848592	chr17:27683127-27706529	SegDup
chr15	17824968	17848592	chr2:90935131-90959427	SegDup
chr15	17824968	17848604	chr16:34192993-34217390	SegDup
chr15	17824968	17848611	chr2:94778749-94801786	SegDup
chr15	17824968	17848611	chr2:94894392-94917678	SegDup
chr15	17824968	17848627	chr16:33448951-33473266	SegDup
chr15	17824968	17848648	chr2:91641463-91665754	SegDup
chr15	17824968	17848648	chr9:77488721-77513214	SegDup
chr15	17824968	17848649	chr21:8012841-8035176	SegDup
chr15	17824968	17848649	chr2:89893706-89917955	SegDup
chr15	17824968	17848649	chr9:42624166-42647965	SegDup
chr15	17824968	17848653	chr22:11228170-11250713	SegDup
chr15	17824968	17848664	chr22:6430794-6453713	SegDup
chr15	17824968	17848666	chr2:89783425-89807703	SegDup
chr15	17824968	17858491	chr7:59111299-59146483	SegDup
chr15	17824969	17837226	chr13:17727798-17743685	SegDup
chr15	17825871	17848648	chr1:142286343-142310807	SegDup
chr15	17825913	17847873	chr21:8073809-8095841	SegDup
chr15	17825913	17848081	chr22:11556227-11578310	SegDup
chr15	17825913	17848419	chr17:27881604-27903818	SegDup
chr15	17825913	17848454	chr13:11048587-11070652	SegDup
chr15	17825913	17848570	chr17:22533863-22558028	SegDup
chr15	17825913	17848576	chr14:8315214-8337255	SegDup
chr15	17825913	17848653	chr14:8750403-8772614	SegDup
chr15	17825913	17848659	chr10:38989002-39011274	SegDup
chr15	17830608	17839192	chr7:58337339-58345892	SegDup
chr15	17830798	17848161	chr7:66312712-66329509	SegDup
chr15	17832319	17848637	chr16:32486739-32503986	SegDup
chr15	17832319	17848637	chr16:33225123-33242102	SegDup
chr15	17832319	17848649	chr1:126846738-126865052	SegDup
chr15	17836377	17848572	chr7:66727325-66739187	SegDup
chr15	17836856	17838186	chr17:22580073-22581194	SegDup
chr15	17836856	17839192	chr10:42985114-42987251	SegDup
chr15	17836856	17839192	chr16:39277347-39279563	SegDup
chr15	17836856	17839192	chr16:52221720-52223883	SegDup
chr15	17836856	17839192	chr18:15324178-15326325	SegDup
chr15	17836856	17839192	chr2:132443284-132445316	SegDup
chr15	17836856	17839192	chr2:92263508-92265709	SegDup
chr15	17836856	17839192	chr9:44895485-44897632	SegDup
chr15	17836857	17871116	chr13:13409596-13444392	SegDup
chr15	17836857	17871116	chr14:5997592-6032384	SegDup
chr15	17836857	17871116	chr21:10475032-10509840	SegDup
chr15	17837191	17848602	chr7:58112420-58123897	SegDup
chr15	17837905	17839184	chr7:59160966-59162246	SegDup
chr15	17837905	17839184	chr7:59244710-59245990	SegDup
chr15	17842447	17847586	chrY:11702927-11707946	SegDup
chr15	17842447	17847588	chr22:11283166-11288240	SegDup
chr15	17842447	17848008	chr22:6393560-6397274	SegDup
chr15	17842447	17848269	chr10:38654449-38659953	SegDup
chr15	17842447	17848577	chr22:17057610-17063284	SegDup
chr15	17842447	17848630	chr10:43048387-43055147	SegDup
chr15	17842682	17848576	chr1:143143733-143149650	SegDup
chr15	17842682	17848653	chr1:144007366-144013524	SegDup
chr15	17842870	17847736	chr15:17798269-17803076	SegDup
chr15	17842971	17847827	chr2:90319383-90324214	SegDup
chr15	17842971	17848353	chr2:89417214-89422072	SegDup
chr15	17843725	17848447	chr1:143420020-143424991	SegDup
chr15	17843725	17848449	chr1:143742417-143747003	SegDup
chr15	17843725	17848653	chr1:142565548-142570714	SegDup
chr15	17844430	17848274	chr16:32894437-32897679	SegDup
chr15	17844430	17848274	chr16:34577610-34580852	SegDup
chr15	17869263	17888377	chr14:100448944-100467825	SegDup
chr15	17891651	17907071	chr14:100482322-100496346	SegDup
chr15	17897434	18340743	chr15:19208187-19668191	SegDup
chr15	17899562	17901090	chr15:19041081-19042609	SegDup
chr15	17905752	17906752	chr10:31819170-31820190	SegDup
chr15	17907072	17925687	chr14:100182433-100201098	SegDup
chr15	17925709	17954159	chr14:100216192-100244874	SegDup
chr15	17947342	17953740	chr16:33982120-33988623	SegDup
chr15	17947342	17953740	chr16:35379809-35386314	SegDup
chr15	17954077	17960475	chr15:19053779-19061416	SegDup
chr15	17954077	17960568	chr14:100245968-100253036	SegDup
chr15	17975938	17978548	chr16:81287232-81289845	SegDup
chr15	17984809	18003108	chr22:31520972-31542519	SegDup
chr15	18002764	18057105	chr2:89681790-89760530	SegDup
chr15	18004743	18059425	chr1:143173962-143256687	SegDup
chr15	18004782	18059425	chr1:142337122-142402140	SegDup
chr15	18004782	18059425	chr1:143910471-143981944	SegDup
chr15	18004782	18059425	chr2:87351949-87442234	SegDup
chr15	18004782	18059425	chr2:91690959-91755102	SegDup
chr15	18004789	18055692	chr15:19284914-19341192	SegDup
chr15	18005003	18055692	chr15:18212150-18255852	SegDup
chr15	18005459	18055692	chr22:17200718-17245045	SegDup
chr15	18006018	18055698	chr16:34824133-34863411	SegDup
chr15	18009919	18057105	chr2:90015519-90059592	SegDup
chr15	18015058	18028259	chrY:689868-703030	SegDup
chr15	18015058	18028260	chrX:673527-686170	SegDup
chr15	18015600	18073963	chr22:22663296-22728907	SegDup
chr15	18028266	18038654	chr2:110413649-110423629	SegDup
chr15	18028266	18038654	chr2:110792590-110802573	SegDup
chr15	18030290	18055698	chr16:34718509-34746095	SegDup
chr15	18030291	18055692	chr16:33699842-33727475	SegDup
chr15	18030291	18055692	chr16:35095335-35122967	SegDup
chr15	18030291	18055698	chr16:32732836-32760703	SegDup
chr15	18035190	18038654	chr22:17543679-17547152	SegDup
chr15	18035190	18055698	chr10:38794986-38816494	SegDup
chr15	18035190	18055698	chr22:6337583-6359468	SegDup
chr15	18035190	18055698	chr2:92041770-92063591	SegDup
chr15	18035190	18057574	chr14:8525300-8549072	SegDup
chr15	18035190	18057574	chr22:11330043-11354720	SegDup
chr15	18035190	18075289	chr2:94695856-94737308	SegDup
chr15	18035190	18075298	chr2:94959127-95000586	SegDup
chr15	18035190	18075301	chr9:44776540-44822395	SegDup
chr15	18035199	18055698	chr10:43093988-43115813	SegDup
chr15	18037865	18075287	chr9:40553597-40588340	SegDup
chr15	18037865	18075287	chr9:42688240-42722878	SegDup
chr15	18037865	18075301	chr9:77553565-77598836	SegDup
chr15	18037865	18075301	chr9:79947379-79991021	SegDup
chr15	18038656	18043303	chr17:22948662-22954696	SegDup
chr15	18045164	18055698	chrY:11655368-11666280	SegDup
chr15	18046873	18047866	chr15:19748428-19749389	SegDup
chr15	18046873	18047868	chr15:18835351-18836315	SegDup
chr15	18049191	18244691	chr16:33699842-33891542	SegDup
chr15	18049191	18244691	chr16:35095335-35287172	SegDup
chr15	18050341	18054365	chr16:33423377-33427733	SegDup
chr15	18050341	18054365	chr16:34167418-34171775	SegDup
chr15	18050341	18054365	chr16:35572642-35576998	SegDup
chr15	18050344	18055698	chr16:32716853-32722332	SegDup
chr15	18050344	18055698	chr16:33683867-33689340	SegDup
chr15	18050344	18055698	chr16:34756603-34762064	SegDup
chr15	18050344	18055698	chr16:35079354-35084804	SegDup
chr15	18050344	18057218	chrY:27214340-27221287	SegDup
chr15	18057527	18094030	chr10:43689444-43738306	SegDup
chr15	18067863	18071581	chr22:16377343-16381065	SegDup
chr15	18067863	18071608	chr14:13393995-13397747	SegDup
chr15	18067863	18071608	chr14:13628549-13632301	SegDup
chr15	18094028	18135927	chr5:63035156-63075826	SegDup
chr15	18133407	18255853	chr16:34824231-34933440	SegDup
chr15	18136063	18188739	chr19:35497806-35548600	SegDup
chr15	18188254	18191202	chr22:46623582-46626259	SegDup
chr15	18191496	18212151	chr22:29137102-29157831	SegDup
chr15	18193247	18223174	chrY:11633369-11666278	SegDup
chr15	18193247	18239784	chr10:38773158-38816493	SegDup
chr15	18193247	18239784	chr2:92041771-92085527	SegDup
chr15	18193247	18244691	chr16:32732836-32780185	SegDup
chr15	18193247	18244691	chr16:34699017-34746094	SegDup
chr15	18193247	18255853	chr22:17178768-17244090	SegDup
chr15	18193314	18239784	chr22:6315815-6359467	SegDup
chr15	18201651	18217826	chr16:32716853-32732839	SegDup
chr15	18201651	18217826	chr16:33683867-33699845	SegDup
chr15	18201651	18217826	chr16:35079354-35095338	SegDup
chr15	18201663	18217826	chr16:34746094-34762064	SegDup
chr15	18207416	18239784	chr10:43093980-43120475	SegDup
chr15	18212144	18218882	chr16:33884756-33891542	SegDup
chr15	18212144	18218882	chr16:35280356-35287172	SegDup
chr15	18212144	18237111	chr9:40566850-40588340	SegDup
chr15	18212144	18237111	chr9:42688240-42709765	SegDup
chr15	18212144	18239784	chr22:11330044-11353208	SegDup
chr15	18212144	18239784	chr2:94715544-94737307	SegDup
chr15	18212144	18239784	chr2:94959128-94980886	SegDup
chr15	18212144	18239785	chr14:8525300-8547534	SegDup
chr15	18212144	18255853	chr1:142337351-142397869	SegDup
chr15	18212150	18252940	chr22:22669534-22710657	SegDup
chr15	18212150	18252940	chr2:90023626-90058315	SegDup
chr15	18212150	18255852	chr15:18005003-18055692	SegDup
chr15	18212150	18255853	chr2:91690670-91751520	SegDup
chr15	18212376	18217826	chrY:27214340-27219966	SegDup
chr15	18213514	18217829	chr16:33423377-33427733	SegDup
chr15	18213514	18217829	chr16:34167418-34171775	SegDup
chr15	18213514	18217829	chr16:35572642-35576998	SegDup
chr15	18230940	18236295	chr17:22948667-22954696	SegDup
chr15	18231906	18236295	chr17:21529020-21533672	SegDup
chr15	18236297	18239784	chr22:17543679-17547151	SegDup
chr15	18236297	18246700	chr2:110413649-110423629	SegDup
chr15	18236297	18246700	chr2:110792590-110802573	SegDup
chr15	18246704	18252938	chrX:673525-679432	SegDup
chr15	18246704	18252938	chrY:689865-696292	SegDup
chr15	18255855	18270758	chr17:80604133-80620262	SegDup
chr15	18270751	18296504	chr2:13469599-13487174	SegDup
chr15	18287067	18340743	chr2:13406132-13452860	SegDup
chr15	18340753	18376352	chr15:25946846-25983022	SegDup
chr15	18340753	18492216	chr15:26291847-26442415	SegDup
chr15	18340753	18914620	chr15:19668179-20243571	SegDup
chr15	18350089	18378700	chr16:32539231-32567513	SegDup
chr15	18350089	18378700	chr16:33163796-33190131	SegDup
chr15	18350089	18378700	chr16:33508977-33535317	SegDup
chr15	18350089	18378700	chr16:34253089-34281353	SegDup
chr15	18376347	18378984	chr15:26012339-26014445	SegDup
chr15	18378698	18491812	chr15:26025421-26139034	SegDup
chr15	18416723	18418263	chr5:7227522-7229276	SegDup
chr15	18416723	18418265	chr15:26609131-26610890	SegDup
chr15	18416723	18492265	chr15:21034828-21109462	SegDup
chr15	18416725	18418273	chr16:32573964-32575812	SegDup
chr15	18416725	18418273	chr16:33155498-33157350	SegDup
chr15	18416725	18418273	chr16:33541764-33543616	SegDup
chr15	18416725	18418273	chr16:34287801-34289652	SegDup
chr15	18420228	18422132	chr15:20907316-20909224	SegDup
chr15	18420228	18422132	chr15:26239937-26241840	SegDup
chr15	18424748	18436939	chr15:25992721-26002882	SegDup
chr15	18430515	18492216	chr15:20968111-21028497	SegDup
chr15	18436931	18459849	chr15:30277208-30297132	SegDup
chr15	18440323	18491831	chr15:20807477-20858889	SegDup
chr15	18455595	18459161	chr15:20803315-20806904	SegDup
chr15	18464257	18469082	chr3:41828545-41832969	SegDup
chr15	18469077	18470438	chr16:59148347-59149675	SegDup
chr15	18469790	18472863	chrX:132804228-132807662	SegDup
chr15	18473258	18488465	chr15:99534173-99549573	SegDup
chr15	18473263	18491891	chr15:28584477-28597082	SegDup
chr15	18473274	18492222	chr15:20271899-20290934	SegDup
chr15	18473274	18492233	chr15:26470916-26490099	SegDup
chr15	18473280	18488492	chr15:27873722-27889352	SegDup
chr15	18473282	18488492	chr15:28192888-28208482	SegDup
chr15	18473282	18488492	chr15:28344282-28359875	SegDup
chr15	18473282	18488492	chr15:30237512-30253129	SegDup
chr15	18473284	18487884	chr15:30388982-30403982	SegDup
chr15	18473286	18477300	chr7:30660607-30664921	SegDup
chr15	18473286	18487898	chr15:28396283-28411296	SegDup
chr15	18473286	18488492	chr15:27925834-27941423	SegDup
chr15	18473286	18488492	chr15:30185178-30200755	SegDup
chr15	18473519	18487823	chr15:32184534-32196233	SegDup
chr15	18473519	18488492	chr15:32330053-32342408	SegDup
chr15	18482768	18488465	chr15:97555109-97560796	SegDup
chr15	18488768	18490870	chr3:41798952-41801052	SegDup
chr15	18489572	18492225	chr15:26561648-26564093	SegDup
chr15	18489578	18492225	chr15:20382703-20384797	SegDup
chr15	18559223	18596935	chr13:34312867-34352144	SegDup
chr15	18596923	18603485	chr13:34273932-34280503	SegDup
chr15	18596934	18599672	chr14:13568182-13570938	SegDup
chr15	18596934	18599672	chr22:16438614-16441367	SegDup
chr15	18596934	18599673	chr14:13455363-13458112	SegDup
chr15	18596942	18603507	chr2:132167949-132176028	SegDup
chr15	18603471	18606175	chr17:23256198-23258787	SegDup
chr15	18603473	18606175	chr17:28029833-28032494	SegDup
chr15	18603476	18606175	chr13:12021771-12024357	SegDup
chr15	18603476	18606175	chr14:7266521-7269107	SegDup
chr15	18603476	18606175	chr17:20814808-20817397	SegDup
chr15	18603476	18606175	chr17:21561412-21563983	SegDup
chr15	18603476	18606175	chr21:9096128-9098714	SegDup
chr15	18603476	18606175	chr7:57823818-57826412	SegDup
chr15	18603477	18606175	chr20:26137249-26139850	SegDup
chr15	18603824	18606171	chr9:100091310-100093642	SegDup
chr15	18603824	18606171	chr9:100267438-100269770	SegDup
chr15	18606171	18607899	chr2:165430168-165431904	SegDup
chr15	18608151	18632411	chr2:165431243-165456373	SegDup
chr15	18632073	18636820	chr3:199552881-199558564	SegDup
chr15	18647624	18671036	chr22:30343782-30366052	SegDup
chr15	18650678	18661415	chr13:18074755-18084146	SegDup
chr15	18666742	18791361	chr18:14592686-14719437	SegDup
chr15	18666748	18791361	chr21:11939962-12069486	SegDup
chr15	18669604	18702423	chr13:17810417-17843523	SegDup
chr15	18676327	18684068	chr14:13652437-13657937	SegDup
chr15	18676327	18684068	chr2:132108844-132115482	SegDup
chr15	18676328	18684068	chr22:16351709-16357189	SegDup
chr15	18676328	18684069	chr14:13368343-13373852	SegDup
chr15	18696106	18784308	chr14:13657932-13747550	SegDup
chr15	18696106	18784308	chr22:16262146-16351714	SegDup
chr15	18696106	18784317	chr2:132024902-132108849	SegDup
chr15	18696108	18784317	chr14:13278730-13368347	SegDup
chr15	18722453	18733104	chr20:30259897-30269754	SegDup
chr15	18740221	18784070	chr2:131044194-131105208	SegDup
chr15	18740343	18783928	chr2:131651262-131712746	SegDup
chr15	18740343	18784070	chr2:130883848-130944347	SegDup
chr15	18758205	18783928	chr2:130529233-130555509	SegDup
chr15	18785970	18791141	chr20:30275163-30280416	SegDup
chr15	18785970	18791162	chr3:77838453-77843651	SegDup
chr15	18817161	18825924	chr18:14267702-14276142	SegDup
chr15	18832887	18842605	chr17:32201872-32211390	SegDup
chr15	18835351	18836313	chr16:32751376-32752358	SegDup
chr15	18835351	18836313	chr16:33718085-33719070	SegDup
chr15	18835351	18836313	chr16:34726872-34727853	SegDup
chr15	18835351	18836313	chr16:34854085-34855066	SegDup
chr15	18835351	18836313	chr16:35113577-35114562	SegDup
chr15	18835351	18836313	chr22:22701287-22702271	SegDup
chr15	18835351	18836313	chr2:90810272-90811273	SegDup
chr15	18835351	18836313	chr2:94723956-94724951	SegDup
chr15	18835351	18836313	chr2:94971487-94972474	SegDup
chr15	18835351	18836315	chr10:38803408-38804412	SegDup
chr15	18835351	18836315	chr10:43106409-43107388	SegDup
chr15	18835351	18836315	chr14:8538246-8539232	SegDup
chr15	18835351	18836315	chr15:18046873-18047868	SegDup
chr15	18835351	18836315	chr15:19505875-19506874	SegDup
chr15	18835351	18836315	chr22:11343925-11344911	SegDup
chr15	18835351	18836315	chr2:91742100-91743091	SegDup
chr15	18842340	18852636	chr17:32171741-32182450	SegDup
chr15	18846974	18852636	chr14:13213461-13219229	SegDup
chr15	18846974	18852636	chr14:13806792-13812835	SegDup
chr15	18846974	18852636	chr22:16197170-16202937	SegDup
chr15	18846974	18852636	chr2:131623010-131628705	SegDup
chr15	18848507	18849811	chr12:38155687-38157016	SegDup
chr15	18852585	18854082	chr18:14324062-14325536	SegDup
chr15	18852949	18855910	chr17:32138995-32141965	SegDup
chr15	18862676	18868794	chr2:115117096-115123227	SegDup
chr15	18909941	18926566	chr14:13483733-13504590	SegDup
chr15	18910335	18926566	chr14:13094770-13110265	SegDup
chr15	18910335	18926566	chr22:16092451-16107936	SegDup
chr15	18910335	19041070	chr14:13907987-14036724	SegDup
chr15	19015791	19021320	chr18:14719429-14724946	SegDup
chr15	19015791	19021320	chr21:11934483-11939970	SegDup
chr15	19041081	19042597	chr14:100489838-100491359	SegDup
chr15	19041081	19042609	chr15:17899562-17901090	SegDup
chr15	19041081	19042609	chr15:19664532-19666061	SegDup
chr15	19052641	19109110	chr14:100244871-100294144	SegDup
chr15	19053779	19061416	chr15:17954077-17960475	SegDup
chr15	19053779	19061416	chr15:19605192-19611589	SegDup
chr15	19097435	19098950	chr14:100299156-100300567	SegDup
chr15	19106284	19109110	chr14:100584416-100587200	SegDup
chr15	19109102	19120110	chr12:5671185-5683253	SegDup
chr15	19131936	19133286	chr22:49111920-49113300	SegDup
chr15	19133273	19179849	chr16:93547225-93600959	SegDup
chr15	19179845	19181817	chr22:49113293-49115519	SegDup
chr15	19181815	19187817	chr1:8187253-8193297	SegDup
chr15	19185846	19198389	chrY:25389073-25403943	SegDup
chr15	19185846	19198389	chrY:27008495-27023366	SegDup
chr15	19187913	19200823	chr1:8144000-8159201	SegDup
chr15	19200820	19252480	chr2:13398716-13444604	SegDup
chr15	19208187	19668191	chr15:17897434-18340743	SegDup
chr15	19252471	19269998	chr2:13469599-13487174	SegDup
chr15	19269988	19284912	chr17:80604130-80620262	SegDup
chr15	19284914	19341192	chr15:18004789-18055692	SegDup
chr15	19284914	19360074	chr22:17178768-17245003	SegDup
chr15	19284915	19341192	chr15:19498041-19560573	SegDup
chr15	19284915	19341198	chr1:143914734-143982825	SegDup
chr15	19285041	19341192	chr2:91690660-91751520	SegDup
chr15	19286450	19419888	chr16:34824132-34933440	SegDup
chr15	19300278	19341192	chr22:22669533-22710657	SegDup
chr15	19300278	19341192	chr2:90023625-90058315	SegDup
chr15	19300279	19306532	chrX:673527-679434	SegDup
chr15	19300279	19306532	chrY:689867-696294	SegDup
chr15	19306538	19316896	chr2:110413649-110423629	SegDup
chr15	19306538	19316896	chr2:110792590-110802573	SegDup
chr15	19308541	19360074	chr16:34699017-34746095	SegDup
chr15	19308542	19360074	chr16:32732836-32780185	SegDup
chr15	19308542	19504553	chr16:33699842-33891542	SegDup
chr15	19308542	19504553	chr16:35095335-35287172	SegDup
chr15	19313405	19316896	chr22:17543679-17547152	SegDup
chr15	19313405	19341192	chr9:44796166-44822395	SegDup
chr15	19313405	19341198	chr14:8525300-8547534	SegDup
chr15	19313405	19341198	chr22:11330043-11353208	SegDup
chr15	19313405	19341198	chr2:94715544-94737308	SegDup
chr15	19313405	19341198	chr2:94959127-94980886	SegDup
chr15	19313405	19360007	chr22:6315815-6359468	SegDup
chr15	19313405	19360071	chr2:92041770-92085524	SegDup
chr15	19313405	19360074	chr10:38773158-38816494	SegDup
chr15	19313406	19345885	chr10:43093980-43120475	SegDup
chr15	19316082	19341198	chr9:40566850-40588340	SegDup
chr15	19316082	19341198	chr9:42688240-42709765	SegDup
chr15	19316082	19341198	chr9:79967026-79991021	SegDup
chr15	19316898	19321283	chr17:21529020-21533672	SegDup
chr15	19316898	19322254	chr17:22948662-22954696	SegDup
chr15	19330024	19360074	chrY:11633369-11666278	SegDup
chr15	19334483	19341198	chr16:33884756-33891542	SegDup
chr15	19334483	19341198	chr16:35280356-35287172	SegDup
chr15	19335536	19339828	chr16:33423377-33427733	SegDup
chr15	19335536	19339828	chr16:34167418-34171775	SegDup
chr15	19335536	19339828	chr16:35572642-35576998	SegDup
chr15	19335539	19340965	chrY:27214340-27219965	SegDup
chr15	19335539	19351665	chr16:34746100-34762064	SegDup
chr15	19335539	19351668	chr16:32716853-32732832	SegDup
chr15	19335539	19351668	chr16:33683867-33699838	SegDup
chr15	19335539	19351668	chr16:35079354-35095331	SegDup
chr15	19341191	19361825	chr22:29137102-29157831	SegDup
chr15	19362120	19365068	chr22:46623582-46626257	SegDup
chr15	19364581	19417232	chr19:35497806-35548600	SegDup
chr15	19417367	19459162	chr5:63035170-63075827	SegDup
chr15	19459178	19495999	chr10:43689444-43738306	SegDup
chr15	19477948	19515905	chr9:40553583-40588340	SegDup
chr15	19477948	19515905	chr9:42688240-42722892	SegDup
chr15	19477948	19515905	chr9:77553565-77598836	SegDup
chr15	19477948	19515905	chr9:79947379-79991021	SegDup
chr15	19477948	19518568	chr2:94959136-95000589	SegDup
chr15	19477948	19518568	chr9:44776540-44822386	SegDup
chr15	19477960	19518568	chr2:94695856-94737299	SegDup
chr15	19479305	19538176	chr22:22663303-22728888	SegDup
chr15	19481635	19485383	chr14:13393995-13397747	SegDup
chr15	19481635	19485383	chr14:13628549-13632301	SegDup
chr15	19481662	19485383	chr22:16377343-16381065	SegDup
chr15	19494101	19560698	chr2:91690660-91755102	SegDup
chr15	19494101	19560786	chr1:143910471-143983587	SegDup
chr15	19494101	19560790	chr1:143174419-143256687	SegDup
chr15	19494101	19560790	chr2:87351949-87441338	SegDup
chr15	19494101	19561057	chr1:142333317-142402140	SegDup
chr15	19495952	19518568	chr22:11330052-11354720	SegDup
chr15	19495952	19518577	chr14:8525300-8549072	SegDup
chr15	19496308	19503400	chrY:27214340-27221287	SegDup
chr15	19496421	19539491	chr2:90016072-90059592	SegDup
chr15	19496421	19562371	chr2:89681790-89760551	SegDup
chr15	19498035	19503400	chr16:32716853-32722332	SegDup
chr15	19498035	19503400	chr16:33683867-33689340	SegDup
chr15	19498035	19503400	chr16:34756603-34762064	SegDup
chr15	19498035	19503400	chr16:35079354-35084804	SegDup
chr15	19498035	19508591	chrY:11655368-11666280	SegDup
chr15	19498035	19518568	chr2:92041779-92063591	SegDup
chr15	19498035	19518576	chr22:6337583-6359467	SegDup
chr15	19498035	19518577	chr10:38794986-38816494	SegDup
chr15	19498035	19523476	chr16:32732836-32760703	SegDup
chr15	19498035	19523476	chr16:34718509-34746094	SegDup
chr15	19498035	19559010	chr16:34824132-34863411	SegDup
chr15	19498035	19560721	chr22:17200712-17245045	SegDup
chr15	19498041	19518568	chr10:43093988-43115807	SegDup
chr15	19498041	19523476	chr16:33699842-33727475	SegDup
chr15	19498041	19523476	chr16:35095335-35122967	SegDup
chr15	19498041	19560573	chr15:19284915-19341192	SegDup
chr15	19499368	19503403	chr16:33423377-33427733	SegDup
chr15	19499368	19503403	chr16:34167418-34171775	SegDup
chr15	19499368	19503403	chr16:35572642-35576998	SegDup
chr15	19505875	19506874	chr15:18835351-18836315	SegDup
chr15	19505875	19506874	chr15:19748426-19749389	SegDup
chr15	19510465	19515114	chr17:22948662-22954696	SegDup
chr15	19511542	19515114	chr17:21529020-21533672	SegDup
chr15	19515116	19518568	chr22:17543679-17547143	SegDup
chr15	19515116	19525503	chr2:110413649-110423629	SegDup
chr15	19515116	19525503	chr2:110792590-110802573	SegDup
chr15	19525507	19538729	chrX:673525-685947	SegDup
chr15	19525507	19538729	chrY:689865-702807	SegDup
chr15	19562465	19580447	chr22:31520972-31542515	SegDup
chr15	19586715	19589325	chr16:81287232-81289845	SegDup
chr15	19605099	19611589	chr14:100245968-100253036	SegDup
chr15	19605192	19611589	chr15:19053779-19061416	SegDup
chr15	19611507	19639975	chr14:100216192-100244874	SegDup
chr15	19611923	19618322	chr16:33982118-33988623	SegDup
chr15	19611923	19618322	chr16:35379807-35386314	SegDup
chr15	19639997	19658557	chr14:100182433-100201098	SegDup
chr15	19658558	19668169	chr14:100487725-100496346	SegDup
chr15	19658873	19659873	chr10:31819170-31820190	SegDup
chr15	19664532	19666061	chr15:19041081-19042609	SegDup
chr15	19668179	19672454	chr14:13105978-13110263	SegDup
chr15	19668179	19672454	chr22:16103647-16107934	SegDup
chr15	19668179	19672456	chr14:13907987-13912276	SegDup
chr15	19668179	20243571	chr15:18340753-18914620	SegDup
chr15	19715982	19722102	chr2:115117096-115123227	SegDup
chr15	19728849	19731794	chr17:32138995-32141955	SegDup
chr15	19732108	19737777	chr14:13806793-13812835	SegDup
chr15	19732108	19737777	chr22:16197170-16202936	SegDup
chr15	19732108	19737777	chr2:131623010-131628704	SegDup
chr15	19732108	19742351	chr17:32171742-32182396	SegDup
chr15	19732112	19737777	chr14:13213461-13219224	SegDup
chr15	19734939	19736243	chr12:38155687-38157016	SegDup
chr15	19742140	19751855	chr17:32201872-32211390	SegDup
chr15	19748426	19749388	chr2:90810270-90811272	SegDup
chr15	19748426	19749388	chr2:91742101-91743091	SegDup
chr15	19748426	19749389	chr10:38803408-38804412	SegDup
chr15	19748426	19749389	chr10:43106409-43107388	SegDup
chr15	19748426	19749389	chr14:8538246-8539232	SegDup
chr15	19748426	19749389	chr15:19505875-19506874	SegDup
chr15	19748426	19749389	chr16:32751376-32752360	SegDup
chr15	19748426	19749389	chr16:33718085-33719072	SegDup
chr15	19748426	19749389	chr16:34726870-34727853	SegDup
chr15	19748426	19749389	chr16:34854085-34855068	SegDup
chr15	19748426	19749389	chr16:35113577-35114564	SegDup
chr15	19748426	19749389	chr22:11343925-11344911	SegDup
chr15	19748426	19749389	chr22:22701287-22702273	SegDup
chr15	19748426	19749389	chr2:94723954-94724951	SegDup
chr15	19748426	19749389	chr2:94971487-94972476	SegDup
chr15	19748426	19749389	chr9:42700424-42701418	SegDup
chr15	19748428	19749389	chr15:18046873-18047866	SegDup
chr15	19758819	19767585	chr18:14267702-14276142	SegDup
chr15	19793397	19917815	chr21:11939956-12069486	SegDup
chr15	19793397	19917821	chr18:14592686-14719443	SegDup
chr15	19793600	19798800	chr3:77838453-77843653	SegDup
chr15	19793623	19798797	chr20:30275166-30280416	SegDup
chr15	19800450	19888487	chr14:13278730-13368347	SegDup
chr15	19800450	19888487	chr2:132024902-132108847	SegDup
chr15	19800459	19888487	chr22:16262146-16351712	SegDup
chr15	19800459	19888489	chr14:13657932-13747550	SegDup
chr15	19800831	19826433	chr2:130529233-130555517	SegDup
chr15	19800831	19844404	chr2:131651254-131712232	SegDup
chr15	19801124	19844278	chr2:130883848-130943929	SegDup
chr15	19801124	19844278	chr2:131044612-131105726	SegDup
chr15	19832584	19844255	chr4:49162556-49171499	SegDup
chr15	19851513	19862134	chr20:30259897-30269754	SegDup
chr15	19882171	19914994	chr13:17810417-17843523	SegDup
chr15	19900526	19908274	chr14:13368343-13373852	SegDup
chr15	19900526	19908274	chr22:16351708-16357189	SegDup
chr15	19900526	19908275	chr2:132108843-132115482	SegDup
chr15	19900527	19908275	chr14:13652437-13657937	SegDup
chr15	19913563	19936776	chr22:30343779-30366052	SegDup
chr15	19923010	19933767	chr13:18074755-18084146	SegDup
chr15	19947581	19952327	chr3:199552881-199558564	SegDup
chr15	19951989	19976197	chr2:165431243-165456373	SegDup
chr15	19976449	19978176	chr2:165430168-165431904	SegDup
chr15	19978172	19980522	chr9:100091310-100093646	SegDup
chr15	19978172	19980522	chr9:100267434-100269770	SegDup
chr15	19978172	19980869	chr20:26137249-26139850	SegDup
chr15	19978172	19980870	chr13:12021771-12024357	SegDup
chr15	19978172	19980870	chr14:7266521-7269107	SegDup
chr15	19978172	19980870	chr17:20814808-20817397	SegDup
chr15	19978172	19980870	chr17:21561412-21563983	SegDup
chr15	19978172	19980870	chr21:9096128-9098714	SegDup
chr15	19978172	19980870	chr7:57823818-57826412	SegDup
chr15	19978172	19980873	chr17:28029833-28032494	SegDup
chr15	19978172	19980875	chr17:23256198-23258787	SegDup
chr15	19980861	19987395	chr13:34273932-34280503	SegDup
chr15	19980875	19987376	chr2:132167988-132176028	SegDup
chr15	19984666	19987384	chr14:13455363-13458112	SegDup
chr15	19984666	19987384	chr22:16438613-16441367	SegDup
chr15	19984667	19987384	chr14:13568182-13570938	SegDup
chr15	19987383	20025084	chr13:34312867-34352144	SegDup
chr15	20092060	20144673	chr15:20807477-20859375	SegDup
chr15	20092082	20094637	chr15:20382702-20384704	SegDup
chr15	20092083	20094736	chr15:26561648-26564093	SegDup
chr15	20092085	20111032	chr15:20271898-20290934	SegDup
chr15	20092090	20295555	chr15:26291845-26494713	SegDup
chr15	20092091	20205679	chr15:26025422-26139257	SegDup
chr15	20092410	20111038	chr15:28584482-28597089	SegDup
chr15	20092411	20168217	chr15:21034880-21109025	SegDup
chr15	20092491	20154477	chr15:20968310-21028497	SegDup
chr15	20093438	20095540	chr3:41798952-41801052	SegDup
chr15	20095816	20110787	chr15:32330053-32342408	SegDup
chr15	20095816	20111024	chr15:28192888-28208482	SegDup
chr15	20095816	20111024	chr15:28344282-28359875	SegDup
chr15	20095816	20111024	chr15:30237512-30253129	SegDup
chr15	20095816	20111026	chr15:27873722-27889352	SegDup
chr15	20095816	20111060	chr15:27925778-27941423	SegDup
chr15	20095816	20111060	chr15:30185178-30200811	SegDup
chr15	20095842	20101540	chr15:97555109-97560797	SegDup
chr15	20095842	20111044	chr15:99534172-99549569	SegDup
chr15	20096424	20111022	chr15:30388982-30403982	SegDup
chr15	20096424	20111060	chr15:28396227-28411283	SegDup
chr15	20096485	20110787	chr15:32184534-32196233	SegDup
chr15	20107008	20111020	chr7:30660607-30664921	SegDup
chr15	20111443	20114522	chrX:132804228-132807662	SegDup
chr15	20113872	20115328	chr16:59148347-59150010	SegDup
chr15	20115235	20120403	chr3:41828537-41832969	SegDup
chr15	20125495	20129060	chr15:20803313-20806904	SegDup
chr15	20130270	20158015	chr15:21162284-21181477	SegDup
chr15	20148057	20160242	chr15:25992721-26002882	SegDup
chr15	20162848	20164754	chr15:20907316-20909226	SegDup
chr15	20162848	20164754	chr15:26239935-26241840	SegDup
chr15	20166721	20168217	chr15:26609123-26610836	SegDup
chr15	20166721	20168217	chr16:33155498-33157298	SegDup
chr15	20166721	20168217	chr16:33541816-33543616	SegDup
chr15	20166721	20168217	chr16:34287853-34289652	SegDup
chr15	20166721	20168217	chr5:7227512-7229226	SegDup
chr15	20191616	20193307	chr15:20431390-20434047	SegDup
chr15	20191616	20193307	chr15:26610892-26613550	SegDup
chr15	20205394	20208032	chr15:26012339-26014445	SegDup
chr15	20205678	20234233	chr16:32539231-32567513	SegDup
chr15	20205678	20234233	chr16:33163796-33190131	SegDup
chr15	20205678	20234233	chr16:33508977-33535317	SegDup
chr15	20205678	20234233	chr16:34253089-34281353	SegDup
chr15	20208027	20254954	chr15:25935854-25983022	SegDup
chr15	20254946	20259921	chr15:25914628-25919110	SegDup
chr15	20254946	20290940	chr15:28584486-28614359	SegDup
chr15	20261834	20266723	chr14:45892260-45896863	SegDup
chr15	20269983	20290934	chr15:20840289-20861770	SegDup
chr15	20269983	20290934	chr15:20965420-20986893	SegDup
chr15	20269983	20290934	chr15:26120448-26141927	SegDup
chr15	20269983	20290934	chr15:26289155-26310647	SegDup
chr15	20270016	20290934	chr15:21090087-21111061	SegDup
chr15	20271691	20274364	chr15:26561450-26564096	SegDup
chr15	20271730	20274241	chr15:20382543-20384679	SegDup
chr15	20271898	20290934	chr15:20092085-20111032	SegDup
chr15	20271899	20290934	chr15:18473274-18492222	SegDup
chr15	20275467	20290667	chr15:32330065-32342396	SegDup
chr15	20275467	20291721	chr15:27925022-27941411	SegDup
chr15	20275467	20291721	chr15:30185190-30201571	SegDup
chr15	20275467	20295000	chr15:27869626-27889340	SegDup
chr15	20275467	20295555	chr15:28192900-28213108	SegDup
chr15	20275467	20295555	chr15:30237524-30257770	SegDup
chr15	20275467	20302068	chr15:28323072-28359863	SegDup
chr15	20275480	20290940	chr15:99534171-99549565	SegDup
chr15	20276060	20291721	chr15:28395470-28411283	SegDup
chr15	20276060	20351178	chr15:30318794-30403982	SegDup
chr15	20276220	20279588	chr2:24273533-24276751	SegDup
chr15	20277630	20290667	chr15:32185125-32196221	SegDup
chr15	20286591	20290940	chr7:30660607-30664930	SegDup
chr15	20290920	20295008	chr15:80257181-80260972	SegDup
chr15	20291197	20295010	chr15:82162059-82165558	SegDup
chr15	20291205	20295010	chr15:82302758-82306272	SegDup
chr15	20295875	20302068	chr15:30268149-30274369	SegDup
chr15	20295875	20351168	chr15:28223481-28278620	SegDup
chr15	20300112	20302067	chrX:132829681-132831695	SegDup
chr15	20302683	20336313	chr13:91268335-91310494	SegDup
chr15	20328984	20454043	chr15:26506853-26633581	SegDup
chr15	20336321	20354680	chr15:80673920-80692140	SegDup
chr15	20354677	20379946	chr13:91320835-91342468	SegDup
chr15	20372587	20380201	chr15:28278677-28286396	SegDup
chr15	20372653	20380201	chr15:30311024-30318679	SegDup
chr15	20379943	20384705	chr15:26288043-26294218	SegDup
chr15	20379943	20384806	chr15:26136750-26143036	SegDup
chr15	20379947	20384704	chr15:20964387-20970482	SegDup
chr15	20379947	20384797	chr15:20856613-20862810	SegDup
chr15	20381049	20384810	chr15:21106691-21111061	SegDup
chr15	20382539	20384680	chr15:26470760-26473260	SegDup
chr15	20382543	20384679	chr15:20271730-20274241	SegDup
chr15	20382702	20384704	chr15:20092082-20094637	SegDup
chr15	20382703	20384797	chr15:18489578-18492225	SegDup
chr15	20385791	20398143	chr20:13658345-13669212	SegDup
chr15	20398136	20420904	chr3:33838017-33860419	SegDup
chr15	20421961	20453108	chr5:7219694-7249652	SegDup
chr15	20431390	20434047	chr15:20191616-20193307	SegDup
chr15	20431390	20434047	chr15:26391385-26393080	SegDup
chr15	20712020	20731380	chr15:20713366-20733990	SegDup
chr15	20713366	20733990	chr15:20712020-20731380	SegDup
chr15	20713616	20728632	chr15:20717212-20733990	SegDup
chr15	20717212	20733990	chr15:20713616-20728632	SegDup
chr15	20754166	20785568	chr20:48114766-48146255	SegDup
chr15	20786401	20802781	chr3:41763302-41778671	SegDup
chr15	20802776	20806330	chr15:28304689-28308780	SegDup
chr15	20802776	20806330	chr15:30288672-30292752	SegDup
chr15	20802779	20805573	chr16:59162114-59165064	SegDup
chr15	20803313	20806904	chr15:20125495-20129060	SegDup
chr15	20803313	20806904	chr15:20822574-20826139	SegDup
chr15	20803313	20806904	chr15:21001040-21004589	SegDup
chr15	20803313	20806904	chr15:21072435-21075988	SegDup
chr15	20803313	20806904	chr15:26102783-26106319	SegDup
chr15	20803313	20806904	chr15:26324779-26328330	SegDup
chr15	20803315	20806904	chr15:18455595-18459161	SegDup
chr15	20807477	20858889	chr15:18440323-18491831	SegDup
chr15	20807477	20859375	chr15:20092060-20144673	SegDup
chr15	20807477	20860712	chr15:21058437-21110786	SegDup
chr15	20807477	20886488	chr15:26087251-26161848	SegDup
chr15	20807477	20907316	chr15:20919896-21018659	SegDup
chr15	20807477	20953603	chr15:26195247-26343844	SegDup
chr15	20822574	20826139	chr15:20803313-20806904	SegDup
chr15	20831242	20836087	chr3:41828544-41832969	SegDup
chr15	20836001	20837454	chr16:59148347-59150010	SegDup
chr15	20836805	20839885	chrX:132804228-132807662	SegDup
chr15	20840261	20855527	chr15:30185178-30200811	SegDup
chr15	20840275	20855500	chr15:99534173-99549571	SegDup
chr15	20840278	20859231	chr15:28584477-28597376	SegDup
chr15	20840289	20861770	chr15:20269983-20290934	SegDup
chr15	20840289	20861770	chr15:26469022-26490099	SegDup
chr15	20840295	20855527	chr15:27873722-27889352	SegDup
chr15	20840297	20855527	chr15:28192888-28208482	SegDup
chr15	20840297	20855527	chr15:28344282-28359875	SegDup
chr15	20840297	20855527	chr15:30237512-30253129	SegDup
chr15	20840299	20854922	chr15:30388982-30403982	SegDup
chr15	20840301	20844315	chr7:30660607-30664921	SegDup
chr15	20840301	20854922	chr15:28396283-28411283	SegDup
chr15	20840301	20855527	chr15:27925834-27941423	SegDup
chr15	20840534	20854861	chr15:32184534-32196233	SegDup
chr15	20840534	20855527	chr15:32330053-32342408	SegDup
chr15	20849805	20855500	chr15:97555109-97560796	SegDup
chr15	20855799	20857905	chr3:41798952-41801056	SegDup
chr15	20856607	20862810	chr15:26557925-26564093	SegDup
chr15	20856613	20862810	chr15:20379947-20384797	SegDup
chr15	20865653	20867497	chr1:228895341-228897173	SegDup
chr15	20873610	20880068	chr15:26161060-26167548	SegDup
chr15	20873610	20907316	chr15:26189560-26229253	SegDup
chr15	20878736	20880071	chr15:20885166-20886491	SegDup
chr15	20882788	20907316	chr16:32592633-32617535	SegDup
chr15	20882788	20907316	chr16:33113774-33138692	SegDup
chr15	20882788	20907316	chr16:33560418-33585344	SegDup
chr15	20882788	20907316	chr16:34306463-34331379	SegDup
chr15	20884685	20886207	chr13:91085372-91086286	SegDup
chr15	20885166	20886491	chr15:20878736-20880071	SegDup
chr15	20886490	20906797	chr13:91100873-91118881	SegDup
chr15	20907316	20909224	chr15:18420228-18422132	SegDup
chr15	20907316	20909224	chr15:21038343-21040240	SegDup
chr15	20907316	20909224	chr15:26067154-26069058	SegDup
chr15	20907316	20909226	chr15:20162848-20164754	SegDup
chr15	20907316	20909226	chr15:26362036-26363942	SegDup
chr15	20909226	20940703	chr13:91100873-91134835	SegDup
chr15	20909226	20944404	chr16:32581964-32617533	SegDup
chr15	20909226	20944404	chr16:33113776-33149358	SegDup
chr15	20909226	20944404	chr16:33549751-33585342	SegDup
chr15	20909226	20944404	chr16:34295792-34331377	SegDup
chr15	20914615	20917798	chr22:21076299-21079347	SegDup
chr15	20914624	20917780	chr19:1848298-1851405	SegDup
chr15	20914624	20917796	chr1:146657608-146660656	SegDup
chr15	20914624	20917799	chr1:213844697-213847732	SegDup
chr15	20914624	20917807	chr22:22528148-22531192	SegDup
chr15	20914645	20917792	chr17:20790194-20793305	SegDup
chr15	20919896	21018659	chr15:20807477-20907316	SegDup
chr15	20919896	21028497	chr15:26241840-26353663	SegDup
chr15	20940704	21028497	chr15:26077431-26167549	SegDup
chr15	20940996	20942509	chr13:91085372-91086276	SegDup
chr15	20951507	20953603	chr15:26189547-26191668	SegDup
chr15	20959703	20961547	chr1:228895341-228897173	SegDup
chr15	20964387	20970482	chr15:20379947-20384704	SegDup
chr15	20964387	20970581	chr15:26557925-26564093	SegDup
chr15	20965420	20986893	chr15:20269983-20290934	SegDup
chr15	20965420	20986899	chr15:28584482-28599107	SegDup
chr15	20965443	21028497	chr15:21048617-21111075	SegDup
chr15	20967948	20986893	chr15:26470760-26490099	SegDup
chr15	20968111	21028497	chr15:18430515-18492216	SegDup
chr15	20968310	21028497	chr15:20092491-20154477	SegDup
chr15	20969282	20971385	chr3:41798952-41801052	SegDup
chr15	20971661	20986648	chr15:32330053-32342408	SegDup
chr15	20971661	20986885	chr15:28192888-28208482	SegDup
chr15	20971661	20986885	chr15:28344282-28359875	SegDup
chr15	20971661	20986885	chr15:30237512-30253129	SegDup
chr15	20971661	20986887	chr15:27873722-27889352	SegDup
chr15	20971661	20986921	chr15:27925778-27941423	SegDup
chr15	20971661	20986921	chr15:30185178-30200811	SegDup
chr15	20971687	20977384	chr15:97555109-97560797	SegDup
chr15	20971687	20986909	chr15:99534172-99549573	SegDup
chr15	20972269	20986883	chr15:30388982-30403982	SegDup
chr15	20972269	20986921	chr15:28396227-28411283	SegDup
chr15	20972330	20986648	chr15:32184534-32196233	SegDup
chr15	20982869	20986881	chr7:30660607-30664921	SegDup
chr15	20987304	20990381	chrX:132804228-132807662	SegDup
chr15	20989732	20991185	chr16:59148347-59150010	SegDup
chr15	20991092	20995946	chr3:41828537-41832969	SegDup
chr15	21001040	21004589	chr15:20803313-20806904	SegDup
chr15	21022043	21028495	chr15:25992721-25999027	SegDup
chr15	21028487	21036372	chr16:32567649-32575812	SegDup
chr15	21028487	21036372	chr16:33155498-33163660	SegDup
chr15	21028487	21036372	chr16:33535453-33543616	SegDup
chr15	21028487	21036372	chr16:34281489-34289652	SegDup
chr15	21028496	21030102	chr15:26014614-26016221	SegDup
chr15	21034828	21109462	chr15:18416723-18492265	SegDup
chr15	21034828	21110788	chr15:26063640-26140873	SegDup
chr15	21034828	21111075	chr15:26289178-26367452	SegDup
chr15	21034880	21109025	chr15:20092411-20168217	SegDup
chr15	21038343	21040240	chr15:20907316-20909224	SegDup
chr15	21038343	21040240	chr15:26239937-26241840	SegDup
chr15	21042856	21055053	chr15:25992721-26002882	SegDup
chr15	21048617	21111075	chr15:20965443-21028497	SegDup
chr15	21058437	21110786	chr15:20807477-20860712	SegDup
chr15	21072435	21075988	chr15:20803313-20806904	SegDup
chr15	21081091	21085898	chr3:41828544-41832964	SegDup
chr15	21085812	21087258	chr16:59148347-59150010	SegDup
chr15	21086612	21089676	chrX:132804228-132807662	SegDup
chr15	21090071	21105607	chr15:99534171-99549573	SegDup
chr15	21090076	21109223	chr15:28584477-28597291	SegDup
chr15	21090087	21111061	chr15:20270016-20290934	SegDup
chr15	21090087	21111061	chr15:26469055-26490099	SegDup
chr15	21090093	21105614	chr15:27873722-27889334	SegDup
chr15	21090095	21105614	chr15:28192906-28208482	SegDup
chr15	21090095	21105614	chr15:28344282-28359857	SegDup
chr15	21090095	21105614	chr15:30237530-30253129	SegDup
chr15	21090097	21105030	chr15:30388982-30403982	SegDup
chr15	21090099	21094111	chr7:30660607-30664921	SegDup
chr15	21090099	21105030	chr15:28396283-28411283	SegDup
chr15	21090099	21105614	chr15:27925834-27941405	SegDup
chr15	21090099	21105614	chr15:30185196-30200755	SegDup
chr15	21090332	21104967	chr15:32184537-32196233	SegDup
chr15	21090332	21105614	chr15:32330071-32342408	SegDup
chr15	21099623	21105607	chr15:97555109-97560798	SegDup
chr15	21101499	21104855	chr2:24273505-24276751	SegDup
chr15	21105910	21108069	chr3:41798658-41801056	SegDup
chr15	21106691	21111061	chr15:20381049-20384810	SegDup
chr15	21106724	21111075	chr15:26559013-26564096	SegDup
chr15	21111560	21114175	chr15:32417740-32420355	SegDup
chr15	21111562	21114175	chr13:91009975-91012550	SegDup
chr15	21114178	21162854	chr16:14433642-14482768	SegDup
chr15	21162284	21181477	chr15:20130270-20158015	SegDup
chr15	21162546	21170349	chr15:25994515-26000754	SegDup
chr15	21182712	21184075	chr15:41918352-41919603	SegDup
chr15	21420167	21421791	chr12:75279964-75281532	SegDup
chr15	21821272	21840686	chr15:22090926-22104667	SegDup
chr15	21821272	21868165	chr15:22145184-22198774	SegDup
chr15	21821272	21884954	chr15:22198767-22248173	SegDup
chr15	21823967	21884954	chr15:21984830-22041048	SegDup
chr15	21863226	21865379	chr15:21982698-21984844	SegDup
chr15	21863226	21868165	chr15:22085819-22090933	SegDup
chr15	21863226	21868165	chr15:22140094-22145191	SegDup
chr15	21867011	21884954	chr15:21924221-21941284	SegDup
chr15	21884941	21888923	chr15:21948553-21952555	SegDup
chr15	21884941	21888923	chr15:22050826-22054820	SegDup
chr15	21884941	21888923	chr15:22258248-22262242	SegDup
chr15	21891349	21906618	chr15:21966274-21981659	SegDup
chr15	21891349	21924238	chr15:22279601-22312216	SegDup
chr15	21891349	21925528	chr15:22108005-22145191	SegDup
chr15	21904558	21906618	chr15:21979602-21981659	SegDup
chr15	21904558	21925528	chr15:22120131-22145191	SegDup
chr15	21916857	21925528	chr15:22078211-22090933	SegDup
chr15	21923039	21924238	chr15:21981580-21982783	SegDup
chr15	21924221	21925528	chr15:22197466-22198774	SegDup
chr15	21924221	21941284	chr15:21867011-21884954	SegDup
chr15	21924221	21981665	chr15:22236090-22294853	SegDup
chr15	21924221	22001675	chr15:22028143-22107690	SegDup
chr15	21948553	21952555	chr15:21884941-21888923	SegDup
chr15	21965937	21981659	chr15:22107668-22122196	SegDup
chr15	21966274	21981659	chr15:21891349-21906618	SegDup
chr15	21979602	21981659	chr15:21904558-21906618	SegDup
chr15	21981580	21982783	chr15:21923039-21924238	SegDup
chr15	21981580	22029348	chr15:22138979-22198664	SegDup
chr15	21981685	21983521	chr15:22311120-22312995	SegDup
chr15	21982698	21984844	chr15:21863226-21865379	SegDup
chr15	21982698	22011635	chr15:22193666-22228369	SegDup
chr15	21982698	22078206	chr15:22193666-22292850	SegDup
chr15	21984830	22041048	chr15:21823967-21884954	SegDup
chr15	22027382	22029348	chr15:22088864-22090823	SegDup
chr15	22028143	22107690	chr15:21924221-22001675	SegDup
chr15	22050826	22054820	chr15:21884941-21888923	SegDup
chr15	22078211	22086650	chr15:22305801-22312995	SegDup
chr15	22078211	22090933	chr15:21916857-21925528	SegDup
chr15	22078211	22107690	chr15:22132793-22167755	SegDup
chr15	22085364	22090823	chr15:22231871-22237294	SegDup
chr15	22085819	22090933	chr15:21863226-21868165	SegDup
chr15	22085819	22107668	chr15:22193666-22218291	SegDup
chr15	22088864	22090823	chr15:22027382-22029348	SegDup
chr15	22090926	22104667	chr15:21821272-21840686	SegDup
chr15	22107668	22122196	chr15:21965937-21981659	SegDup
chr15	22107668	22140924	chr15:22279264-22312995	SegDup
chr15	22108005	22145191	chr15:21891349-21925528	SegDup
chr15	22120131	22145191	chr15:21904558-21925528	SegDup
chr15	22132793	22167755	chr15:22078211-22107690	SegDup
chr15	22138979	22198664	chr15:21981580-22029348	SegDup
chr15	22139797	22177960	chr15:22193385-22228369	SegDup
chr15	22139797	22198663	chr15:22193385-22237293	SegDup
chr15	22140094	22145191	chr15:21863226-21868165	SegDup
chr15	22145184	22198774	chr15:21821272-21868165	SegDup
chr15	22193385	22228369	chr15:22139797-22177960	SegDup
chr15	22193385	22237293	chr15:22139797-22198663	SegDup
chr15	22193666	22218291	chr15:22085819-22107668	SegDup
chr15	22193666	22228369	chr15:21982698-22011635	SegDup
chr15	22193666	22292850	chr15:21982698-22078206	SegDup
chr15	22197466	22198774	chr15:21924221-21925528	SegDup
chr15	22198767	22248173	chr15:21821272-21884954	SegDup
chr15	22231871	22237294	chr15:22085364-22090823	SegDup
chr15	22236090	22294853	chr15:21924221-21981665	SegDup
chr15	22258248	22262242	chr15:21884941-21888923	SegDup
chr15	22279264	22312995	chr15:22107668-22140924	SegDup
chr15	22279601	22312216	chr15:21891349-21924238	SegDup
chr15	22305801	22312995	chr15:22078211-22086650	SegDup
chr15	22311120	22312995	chr15:21981685-21983521	SegDup
chr15	22645457	22646465	chr6:128551420-128552415	SegDup
chr15	22645459	22646536	chr1:184583623-184584692	SegDup
chr15	22645463	22646534	chr1:35213691-35214749	SegDup
chr15	22645470	22646522	chr22:43257263-43258312	SegDup
chr15	22645472	22646496	chr11:56295189-56296216	SegDup
chr15	22645476	22646529	chr5:85947458-85948494	SegDup
chr15	22645477	22646492	chr15:25638178-25639175	SegDup
chr15	22645477	22646506	chr2:111390798-111391819	SegDup
chr15	22645482	22646509	chr22:50261853-50263340	SegDup
chr15	22645483	22646511	chr8:104051550-104052567	SegDup
chr15	22645483	22646519	chr15:68886323-68887357	SegDup
chr15	22645483	22646529	chr4:101340061-101341061	SegDup
chr15	22645484	22646536	chr11:118579898-118580943	SegDup
chr15	22645484	22646536	chr8:28577763-28578804	SegDup
chr15	22645486	22646501	chr4:176758754-176759765	SegDup
chr15	22645486	22646534	chr8:42611777-42612772	SegDup
chr15	22645487	22646489	chr1:90868494-90869492	SegDup
chr15	22903952	22906364	chr9:7799149-7802393	SegDup
chr15	23687553	23691782	chr15:26499881-26505646	SegDup
chr15	23687568	23689223	chr10:36756181-36757841	SegDup
chr15	23687829	23689478	chr15:28688248-28689977	SegDup
chr15	23687829	23689640	chr16:59211948-59213809	SegDup
chr15	25631191	25632291	chr15:55583987-55585095	SegDup
chr15	25638178	25639175	chr15:22645477-22646492	SegDup
chr15	25877201	25919110	chr15:28609241-28638888	SegDup
chr15	25914628	25919110	chr15:20254946-20259921	SegDup
chr15	25914628	25919110	chr15:26453850-26458977	SegDup
chr15	25935854	25983022	chr15:20208027-20254954	SegDup
chr15	25935854	25983022	chr15:26407821-26453858	SegDup
chr15	25946846	25983022	chr15:18340753-18376352	SegDup
chr15	25956175	25983022	chr16:32539231-32565148	SegDup
chr15	25956175	25983022	chr16:33166163-33190131	SegDup
chr15	25956175	25983022	chr16:33508977-33532950	SegDup
chr15	25956175	25983022	chr16:34253089-34278984	SegDup
chr15	25992721	25999027	chr15:21022043-21028495	SegDup
chr15	25992721	26002882	chr15:18424748-18436939	SegDup
chr15	25992721	26002882	chr15:20148057-20160242	SegDup
chr15	25992721	26002882	chr15:21042856-21055053	SegDup
chr15	25992721	26002882	chr15:26071666-26083868	SegDup
chr15	25992721	26002882	chr15:26347228-26359429	SegDup
chr15	25994515	26000754	chr15:21162546-21170349	SegDup
chr15	26012339	26014445	chr15:18376347-18378984	SegDup
chr15	26012339	26014445	chr15:20205394-20208032	SegDup
chr15	26012339	26014445	chr15:26405199-26407826	SegDup
chr15	26012339	26016221	chr16:32565143-32569251	SegDup
chr15	26012339	26016221	chr16:33162060-33166168	SegDup
chr15	26012339	26016221	chr16:33532945-33537054	SegDup
chr15	26012339	26016221	chr16:34278979-34283091	SegDup
chr15	26014614	26016221	chr15:21028496-21030102	SegDup
chr15	26025421	26139034	chr15:18378698-18491812	SegDup
chr15	26025421	26167548	chr15:26262755-26405485	SegDup
chr15	26025422	26139257	chr15:20092091-20205679	SegDup
chr15	26063640	26065187	chr15:26609123-26610890	SegDup
chr15	26063640	26065187	chr5:7227512-7229276	SegDup
chr15	26063640	26140873	chr15:21034828-21110788	SegDup
chr15	26063642	26065187	chr16:32573964-32575812	SegDup
chr15	26063642	26065187	chr16:33155498-33157350	SegDup
chr15	26063642	26065187	chr16:33541764-33543616	SegDup
chr15	26063642	26065187	chr16:34287801-34289652	SegDup
chr15	26067154	26069058	chr15:20907316-20909224	SegDup
chr15	26067154	26069058	chr15:26239937-26241840	SegDup
chr15	26071666	26083868	chr15:25992721-26002882	SegDup
chr15	26077431	26167549	chr15:20940704-21028497	SegDup
chr15	26087251	26161848	chr15:20807477-20886488	SegDup
chr15	26102783	26106319	chr15:20803313-20806904	SegDup
chr15	26111425	26116139	chr3:41828714-41832964	SegDup
chr15	26116238	26117599	chr16:59148347-59149675	SegDup
chr15	26116951	26120037	chrX:132804228-132807662	SegDup
chr15	26120432	26135670	chr15:99534173-99549573	SegDup
chr15	26120437	26139408	chr15:28584477-28597372	SegDup
chr15	26120448	26141927	chr15:20269983-20290934	SegDup
chr15	26120448	26141927	chr15:26469022-26490099	SegDup
chr15	26120454	26135697	chr15:27873722-27889352	SegDup
chr15	26120456	26135697	chr15:28192888-28208482	SegDup
chr15	26120456	26135697	chr15:28344282-28359875	SegDup
chr15	26120456	26135697	chr15:30237512-30253129	SegDup
chr15	26120458	26135091	chr15:30388982-30403982	SegDup
chr15	26120460	26124473	chr7:30660607-30664921	SegDup
chr15	26120460	26135091	chr15:28396283-28411283	SegDup
chr15	26120460	26135697	chr15:27925834-27941423	SegDup
chr15	26120460	26135697	chr15:30185178-30200755	SegDup
chr15	26120693	26135030	chr15:32184534-32196233	SegDup
chr15	26120693	26135697	chr15:32330053-32342408	SegDup
chr15	26129963	26135670	chr15:97555109-97560796	SegDup
chr15	26135973	26138077	chr3:41798952-41801052	SegDup
chr15	26136750	26143036	chr15:20379943-20384806	SegDup
chr15	26136779	26143035	chr15:26557920-26564093	SegDup
chr15	26142155	26144697	chr1:219030812-219032716	SegDup
chr15	26147437	26149283	chr1:228895341-228897173	SegDup
chr15	26155385	26201753	chr15:26161060-26208182	SegDup
chr15	26161060	26167548	chr15:20873610-20880068	SegDup
chr15	26161060	26208182	chr15:26155385-26201753	SegDup
chr15	26189547	26191668	chr15:20951507-20953603	SegDup
chr15	26189560	26229253	chr15:20873610-20907316	SegDup
chr15	26195247	26343844	chr15:20807477-20953603	SegDup
chr15	26195260	26229253	chr15:26241840-26275650	SegDup
chr15	26204467	26239935	chr16:32581964-32617535	SegDup
chr15	26204467	26239935	chr16:33113774-33149358	SegDup
chr15	26204467	26239935	chr16:33549751-33585344	SegDup
chr15	26204467	26239935	chr16:34295792-34331379	SegDup
chr15	26206367	26207896	chr13:91085372-91086286	SegDup
chr15	26208181	26239935	chr13:91100873-91134835	SegDup
chr15	26231349	26234533	chr1:213844678-213847732	SegDup
chr15	26231363	26234533	chr22:22528158-22531192	SegDup
chr15	26231363	26234542	chr22:21076294-21079347	SegDup
chr15	26231368	26234533	chr1:146657611-146660656	SegDup
chr15	26231379	26234533	chr19:1848296-1851405	SegDup
chr15	26231381	26234512	chr17:20790194-20793293	SegDup
chr15	26239935	26241840	chr15:20162848-20164754	SegDup
chr15	26239935	26241840	chr15:26362036-26363942	SegDup
chr15	26239937	26241840	chr15:18420228-18422132	SegDup
chr15	26239937	26241840	chr15:21038343-21040240	SegDup
chr15	26239937	26241840	chr15:26067154-26069058	SegDup
chr15	26241840	26266460	chr16:32592633-32617533	SegDup
chr15	26241840	26266460	chr16:33113776-33138692	SegDup
chr15	26241840	26266460	chr16:33560418-33585342	SegDup
chr15	26241840	26266460	chr16:34306463-34331377	SegDup
chr15	26241840	26275650	chr15:26195260-26229253	SegDup
chr15	26241840	26353663	chr15:20919896-21028497	SegDup
chr15	26242385	26262753	chr13:91100873-91118859	SegDup
chr15	26262755	26405485	chr15:26025421-26167548	SegDup
chr15	26263038	26264563	chr13:91085372-91086286	SegDup
chr15	26281758	26283602	chr1:228895341-228897173	SegDup
chr15	26286343	26288931	chr1:219030812-219032716	SegDup
chr15	26288037	26294316	chr15:26557914-26564093	SegDup
chr15	26288043	26294218	chr15:20379943-20384705	SegDup
chr15	26289155	26310647	chr15:20269983-20290934	SegDup
chr15	26289155	26310658	chr15:28584477-28599107	SegDup
chr15	26289178	26367452	chr15:21034828-21111075	SegDup
chr15	26291566	26310647	chr15:26470639-26490099	SegDup
chr15	26291845	26494713	chr15:20092090-20295555	SegDup
chr15	26291847	26442415	chr15:18340753-18492216	SegDup
chr15	26293018	26295122	chr3:41798952-41801052	SegDup
chr15	26295398	26310402	chr15:32330053-32342408	SegDup
chr15	26295398	26310639	chr15:28192888-28208482	SegDup
chr15	26295398	26310639	chr15:28344282-28359875	SegDup
chr15	26295398	26310639	chr15:30237512-30253129	SegDup
chr15	26295398	26310641	chr15:27873722-27889352	SegDup
chr15	26295398	26310675	chr15:27925778-27941423	SegDup
chr15	26295398	26310675	chr15:30185178-30200811	SegDup
chr15	26295424	26310663	chr15:99534172-99549573	SegDup
chr15	26296004	26310637	chr15:30388982-30403982	SegDup
chr15	26296004	26310675	chr15:28396227-28411283	SegDup
chr15	26296065	26310402	chr15:32184534-32196233	SegDup
chr15	26306622	26310635	chr7:30660607-30664921	SegDup
chr15	26311058	26314165	chrX:132804228-132807662	SegDup
chr15	26313489	26314972	chr16:59148347-59150010	SegDup
chr15	26314879	26319675	chr3:41828537-41832964	SegDup
chr15	26324779	26328330	chr15:20803313-20806904	SegDup
chr15	26347228	26359429	chr15:25992721-26002882	SegDup
chr15	26362036	26363942	chr15:20907316-20909226	SegDup
chr15	26362036	26363942	chr15:26239935-26241840	SegDup
chr15	26365904	26367450	chr16:32573964-32575817	SegDup
chr15	26365904	26367450	chr16:33155493-33157350	SegDup
chr15	26365904	26367450	chr16:33541764-33543621	SegDup
chr15	26365904	26367450	chr16:34287801-34289657	SegDup
chr15	26365904	26367452	chr5:7227507-7229276	SegDup
chr15	26366357	26367452	chr15:26609516-26610890	SegDup
chr15	26391385	26393080	chr15:20431390-20434047	SegDup
chr15	26391385	26393080	chr15:26610892-26613550	SegDup
chr15	26405199	26407826	chr15:26012339-26014445	SegDup
chr15	26405483	26433066	chr16:32539231-32567513	SegDup
chr15	26405483	26433066	chr16:33163796-33190131	SegDup
chr15	26405483	26433066	chr16:33508977-33535317	SegDup
chr15	26405483	26433066	chr16:34253089-34281353	SegDup
chr15	26407821	26453858	chr15:25935854-25983022	SegDup
chr15	26453850	26458977	chr15:25914628-25919110	SegDup
chr15	26453850	26490105	chr15:28584486-28614359	SegDup
chr15	26460887	26465765	chr14:45892260-45896863	SegDup
chr15	26469022	26490099	chr15:20840289-20861770	SegDup
chr15	26469022	26490099	chr15:26120448-26141927	SegDup
chr15	26469055	26490099	chr15:21090087-21111061	SegDup
chr15	26470639	26490099	chr15:26291566-26310647	SegDup
chr15	26470719	26473386	chr15:26561444-26564096	SegDup
chr15	26470760	26473260	chr15:20382539-20384680	SegDup
chr15	26470760	26490099	chr15:20967948-20986893	SegDup
chr15	26470916	26490099	chr15:18473274-18492233	SegDup
chr15	26474489	26490882	chr15:27925022-27941411	SegDup
chr15	26474489	26490882	chr15:30185190-30201571	SegDup
chr15	26474489	26494175	chr15:27869616-27889340	SegDup
chr15	26474489	26507159	chr15:28192900-28224270	SegDup
chr15	26474489	26507159	chr15:28328494-28359863	SegDup
chr15	26474489	26507159	chr15:30237524-30268916	SegDup
chr15	26474502	26490105	chr15:99534171-99549565	SegDup
chr15	26475079	26490882	chr15:28395470-28411283	SegDup
chr15	26475079	26507159	chr15:30373198-30403982	SegDup
chr15	26485764	26490105	chr7:30660607-30664930	SegDup
chr15	26490085	26494175	chr15:80257179-80260972	SegDup
chr15	26490334	26494175	chr15:82162031-82165558	SegDup
chr15	26490334	26494175	chr15:82302723-82306272	SegDup
chr15	26494173	26495321	chr15:99501345-99502484	SegDup
chr15	26494173	26495515	chr15:82176439-82177769	SegDup
chr15	26494173	26495686	chr15:97571251-97572881	SegDup
chr15	26494174	26495680	chr15:32318185-32319684	SegDup
chr15	26494183	26495673	chr15:82320966-82322429	SegDup
chr15	26499881	26505646	chr15:23687553-23691782	SegDup
chr15	26506853	26529100	chr15:28256533-28278630	SegDup
chr15	26506853	26529100	chr15:30318794-30340933	SegDup
chr15	26506853	26633581	chr15:20328984-20454043	SegDup
chr15	26514206	26532611	chr15:80673920-80692140	SegDup
chr15	26532608	26557920	chr13:91320835-91342468	SegDup
chr15	26550559	26558181	chr15:28278677-28286396	SegDup
chr15	26550625	26558181	chr15:30311024-30318679	SegDup
chr15	26557914	26564093	chr15:26288037-26294316	SegDup
chr15	26557920	26564093	chr15:26136779-26143035	SegDup
chr15	26557925	26564093	chr15:20856607-20862810	SegDup
chr15	26557925	26564093	chr15:20964387-20970581	SegDup
chr15	26559013	26564096	chr15:21106724-21111075	SegDup
chr15	26561444	26564096	chr15:26470719-26473386	SegDup
chr15	26561450	26564096	chr15:20271691-20274364	SegDup
chr15	26561648	26564093	chr15:18489572-18492225	SegDup
chr15	26561648	26564093	chr15:20092083-20094736	SegDup
chr15	26565087	26577449	chr20:13658345-13669212	SegDup
chr15	26577442	26600417	chr3:33838017-33860419	SegDup
chr15	26601475	26632679	chr5:7219694-7249652	SegDup
chr15	26609123	26610836	chr15:20166721-20168217	SegDup
chr15	26609123	26610890	chr15:26063640-26065187	SegDup
chr15	26609131	26610890	chr15:18416723-18418265	SegDup
chr15	26609516	26610890	chr15:26366357-26367452	SegDup
chr15	26610892	26613550	chr15:20191616-20193307	SegDup
chr15	26610892	26613550	chr15:26391385-26393080	SegDup
chr15	27007303	27012113	chr1:167374451-167379183	SegDup
chr15	27151558	27152515	chr8:33896723-33898150	SegDup
chr15	27167851	27171957	chr15:27171572-27175674	SegDup
chr15	27171572	27175674	chr15:27167851-27171957	SegDup
chr15	27521073	27522589	chr17:43609858-43611444	SegDup
chr15	27521202	27522594	chr5:76722706-76724036	SegDup
chr15	27521354	27522591	chr3:15376643-15378196	SegDup
chr15	27521355	27522584	chr14:55177980-55179137	SegDup
chr15	27521361	27522586	chr2:101048631-101050185	SegDup
chr15	27521363	27522595	chr15:64821855-64823090	SegDup
chr15	27521364	27522581	chr10:84959464-84960968	SegDup
chr15	27521365	27522593	chr15:66073223-66074434	SegDup
chr15	27521365	27522593	chr1:228949152-228950396	SegDup
chr15	27521369	27522600	chr7:86126352-86127566	SegDup
chr15	27521370	27522583	chr3:144611157-144612690	SegDup
chr15	27521371	27522616	chr14:19464433-19465679	SegDup
chr15	27521372	27522594	chr2:113406861-113408078	SegDup
chr15	27521372	27522616	chr2:24364914-24367025	SegDup
chr15	27521374	27522590	chr15:43363716-43364902	SegDup
chr15	27521375	27522586	chr14:75034547-75035746	SegDup
chr15	27521375	27522592	chr6:80531313-80532499	SegDup
chr15	27521376	27522595	chr9:96228857-96230389	SegDup
chr15	27521381	27522588	chr5:116729624-116730835	SegDup
chr15	27521381	27522590	chr16:26308096-26309313	SegDup
chr15	27521391	27522583	chr17:61303277-61304465	SegDup
chr15	27521391	27522586	chr3:40713279-40714476	SegDup
chr15	27521391	27522590	chr1:154288099-154289909	SegDup
chr15	27521391	27522594	chr22:42187341-42188528	SegDup
chr15	27521391	27522599	chr7:123272110-123273308	SegDup
chr15	27521391	27522600	chr3:155837746-155838952	SegDup
chr15	27521391	27522603	chr6:122595497-122596998	SegDup
chr15	27521391	27522619	chr6:108107014-108108219	SegDup
chr15	27521392	27522584	chr16:38325280-38326473	SegDup
chr15	27521469	27522589	chr9:5316519-5317824	SegDup
chr15	27521613	27522578	chr1:26312581-26313995	SegDup
chr15	27521672	27522582	chr15:75139138-75140334	SegDup
chr15	27868507	27873432	chr15:80256086-80260684	SegDup
chr15	27868507	27873722	chr15:82302476-82307374	SegDup
chr15	27869616	27888761	chr15:30384886-30403982	SegDup
chr15	27869616	27889340	chr15:26474489-26494175	SegDup
chr15	27869616	27911207	chr15:28171078-28212574	SegDup
chr15	27869616	27940832	chr15:28340200-28411283	SegDup
chr15	27869616	28171080	chr15:29947359-30257218	SegDup
chr15	27869626	27889340	chr15:20275467-20295000	SegDup
chr15	27872917	27893785	chr15:27925020-27945133	SegDup
chr15	27873702	27878038	chr7:30660607-30664930	SegDup
chr15	27873722	27889334	chr15:21090093-21105614	SegDup
chr15	27873722	27889352	chr15:18473280-18488492	SegDup
chr15	27873722	27889352	chr15:20095816-20111026	SegDup
chr15	27873722	27889352	chr15:20840295-20855527	SegDup
chr15	27873722	27889352	chr15:20971661-20986887	SegDup
chr15	27873722	27889352	chr15:26120454-26135697	SegDup
chr15	27873722	27889352	chr15:26295398-26310641	SegDup
chr15	27873741	27885089	chr15:28584508-28595823	SegDup
chr15	27873956	27888699	chr15:32184534-32196240	SegDup
chr15	27873956	27896769	chr15:32319389-32342415	SegDup
chr15	27883406	27895041	chr15:97555109-97566146	SegDup
chr15	27885283	27888573	chr2:24273579-24276751	SegDup
chr15	27897789	27922706	chr3:41898130-41924189	SegDup
chr15	27903949	27922706	chr15:28436738-28455876	SegDup
chr15	27925020	27940832	chr15:30388181-30403982	SegDup
chr15	27925020	27945133	chr15:27872917-27893785	SegDup
chr15	27925020	27945133	chr15:28188450-28209271	SegDup
chr15	27925020	27945133	chr15:28343491-28364306	SegDup
chr15	27925022	27941411	chr15:20275467-20291721	SegDup
chr15	27925022	27941411	chr15:26474489-26490882	SegDup
chr15	27925778	27941423	chr15:20095816-20111060	SegDup
chr15	27925778	27941423	chr15:20971661-20986921	SegDup
chr15	27925778	27941423	chr15:26295398-26310675	SegDup
chr15	27925800	27937166	chr15:28584486-28595823	SegDup
chr15	27925808	27930139	chr7:30660607-30664943	SegDup
chr15	27925817	27944257	chr15:99531206-99549561	SegDup
chr15	27925834	27941405	chr15:21090099-21105614	SegDup
chr15	27925834	27941423	chr15:18473286-18488492	SegDup
chr15	27925834	27941423	chr15:20840301-20855527	SegDup
chr15	27925834	27941423	chr15:26120460-26135697	SegDup
chr15	27926062	27940770	chr15:32184534-32196233	SegDup
chr15	27926062	27945135	chr15:32326341-32342408	SegDup
chr15	27935487	27945135	chr15:97555109-97564831	SegDup
chr15	27937360	27940644	chr2:24273579-24276751	SegDup
chr15	27945142	27988071	chr1:201866875-201907838	SegDup
chr15	28171078	28178336	chr15:28436738-28443761	SegDup
chr15	28171078	28184503	chr3:41911216-41924193	SegDup
chr15	28171078	28212574	chr15:27869616-27911207	SegDup
chr15	28171078	28229729	chr15:28323072-28381664	SegDup
chr15	28171078	28229729	chr15:30215689-30274369	SegDup
chr15	28188448	28209269	chr15:30181461-30201571	SegDup
chr15	28188450	28209271	chr15:27925020-27945133	SegDup
chr15	28189336	28208503	chr15:99531206-99549565	SegDup
chr15	28192888	28208482	chr15:18473282-18488492	SegDup
chr15	28192888	28208482	chr15:20095816-20111024	SegDup
chr15	28192888	28208482	chr15:20840297-20855527	SegDup
chr15	28192888	28208482	chr15:20971661-20986885	SegDup
chr15	28192888	28208482	chr15:26120456-26135697	SegDup
chr15	28192888	28208482	chr15:26295398-26310639	SegDup
chr15	28192900	28213108	chr15:20275467-20295555	SegDup
chr15	28192900	28224270	chr15:26474489-26507159	SegDup
chr15	28192906	28208482	chr15:21090095-21105614	SegDup
chr15	28193479	28209269	chr15:28395470-28411283	SegDup
chr15	28193479	28411283	chr15:30185769-30403982	SegDup
chr15	28193667	28196948	chr2:24273579-24276751	SegDup
chr15	28197142	28208565	chr15:28584425-28595823	SegDup
chr15	28204179	28208503	chr7:30660607-30664930	SegDup
chr15	28208483	28212573	chr15:80257180-80260972	SegDup
chr15	28208721	28212574	chr15:82162027-82165558	SegDup
chr15	28208761	28212574	chr15:82302759-82306272	SegDup
chr15	28212572	28213716	chr15:99501345-99502484	SegDup
chr15	28212572	28213909	chr15:82176439-82177768	SegDup
chr15	28212572	28214080	chr15:97571252-97572881	SegDup
chr15	28212573	28214075	chr15:32318185-32319684	SegDup
chr15	28212582	28214068	chr15:82039612-82041064	SegDup
chr15	28212582	28214068	chr15:82118654-82120106	SegDup
chr15	28212582	28214068	chr15:82250908-82252360	SegDup
chr15	28212582	28214068	chr15:82320970-82322429	SegDup
chr15	28223481	28278620	chr15:20295875-20351168	SegDup
chr15	28227742	28229729	chrX:132829680-132831694	SegDup
chr15	28230350	28263948	chr13:91268335-91310494	SegDup
chr15	28256533	28278630	chr15:26506853-26529100	SegDup
chr15	28263956	28278630	chr15:80673920-80688302	SegDup
chr15	28278677	28286396	chr15:20372587-20380201	SegDup
chr15	28278677	28286396	chr15:26550559-26558181	SegDup
chr15	28278720	28286145	chr13:91336032-91342468	SegDup
chr15	28286446	28288231	chr20:48153454-48155554	SegDup
chr15	28301583	28302842	chr15:28693401-28694678	SegDup
chr15	28304689	28308780	chr15:20802776-20806330	SegDup
chr15	28321961	28325047	chrX:132828621-132831694	SegDup
chr15	28322934	28359284	chr15:30367761-30403982	SegDup
chr15	28323072	28359863	chr15:20275467-20302068	SegDup
chr15	28323072	28381664	chr15:28171078-28229729	SegDup
chr15	28328494	28359863	chr15:26474489-26507159	SegDup
chr15	28338693	28340202	chr15:99501345-99503039	SegDup
chr15	28338699	28340201	chr15:32318185-32319684	SegDup
chr15	28338706	28340192	chr15:82039612-82041064	SegDup
chr15	28338706	28340192	chr15:82118654-82120106	SegDup
chr15	28338706	28340192	chr15:82250908-82252360	SegDup
chr15	28338706	28340200	chr15:82320944-82322429	SegDup
chr15	28338864	28340202	chr15:82176439-82177769	SegDup
chr15	28339058	28340192	chr15:97571811-97572845	SegDup
chr15	28340200	28344041	chr15:80257179-80260726	SegDup
chr15	28340200	28344275	chr15:82302482-82306272	SegDup
chr15	28340200	28411283	chr15:27869616-27940832	SegDup
chr15	28343491	28359284	chr15:28395468-28411283	SegDup
chr15	28343491	28364306	chr15:27925020-27945133	SegDup
chr15	28343491	28364308	chr15:30181461-30201573	SegDup
chr15	28343912	28359284	chr15:28395892-28411283	SegDup
chr15	28344199	28355621	chr15:28584425-28595823	SegDup
chr15	28344261	28348584	chr7:30660607-30664930	SegDup
chr15	28344282	28359857	chr15:21090095-21105614	SegDup
chr15	28344282	28359875	chr15:18473282-18488492	SegDup
chr15	28344282	28359875	chr15:20095816-20111024	SegDup
chr15	28344282	28359875	chr15:20840297-20855527	SegDup
chr15	28344282	28359875	chr15:20971661-20986885	SegDup
chr15	28344282	28359875	chr15:26120456-26135697	SegDup
chr15	28344282	28359875	chr15:26295398-26310639	SegDup
chr15	28355815	28359096	chr2:24273579-24276751	SegDup
chr15	28368237	28393154	chr3:41898130-41924193	SegDup
chr15	28374406	28393154	chr15:28436738-28455876	SegDup
chr15	28395468	28411283	chr15:28343491-28359284	SegDup
chr15	28395468	28436746	chr15:30388181-30429406	SegDup
chr15	28395470	28411283	chr15:20276060-20291721	SegDup
chr15	28395470	28411283	chr15:26475079-26490882	SegDup
chr15	28395470	28411283	chr15:28193479-28209269	SegDup
chr15	28395892	28411283	chr15:28343912-28359284	SegDup
chr15	28396227	28411283	chr15:20096424-20111060	SegDup
chr15	28396227	28411283	chr15:20972269-20986921	SegDup
chr15	28396227	28411283	chr15:26296004-26310675	SegDup
chr15	28396249	28407612	chr15:28584486-28595823	SegDup
chr15	28396257	28400585	chr7:30660607-30664943	SegDup
chr15	28396266	28411282	chr15:99534745-99549561	SegDup
chr15	28396283	28411283	chr15:20840301-20854922	SegDup
chr15	28396283	28411283	chr15:21090099-21105030	SegDup
chr15	28396283	28411283	chr15:26120460-26135091	SegDup
chr15	28396283	28411296	chr15:18473286-18487898	SegDup
chr15	28396511	28411218	chr15:32184537-32196233	SegDup
chr15	28396511	28411283	chr15:32330647-32342408	SegDup
chr15	28405940	28411282	chr15:97555109-97560224	SegDup
chr15	28407806	28411095	chr2:24273579-24276751	SegDup
chr15	28436735	28455876	chr15:30203882-30222943	SegDup
chr15	28436738	28443761	chr15:28171078-28178336	SegDup
chr15	28436738	28455876	chr15:27903949-27922706	SegDup
chr15	28436738	28455876	chr15:28374406-28393154	SegDup
chr15	28437739	28469977	chr3:41884858-41917130	SegDup
chr15	28469966	28472008	chr15:29527213-29529255	SegDup
chr15	28472200	28575765	chr15:29411482-29521613	SegDup
chr15	28580608	28584218	chr15:76580026-76583225	SegDup
chr15	28580608	28588804	chr7:30660607-30668561	SegDup
chr15	28580608	28595800	chr15:99538343-99552729	SegDup
chr15	28584425	28595823	chr15:28197142-28208565	SegDup
chr15	28584425	28595823	chr15:28344199-28355621	SegDup
chr15	28584425	28595823	chr15:30241774-30253212	SegDup
chr15	28584477	28597082	chr15:18473263-18491891	SegDup
chr15	28584477	28597291	chr15:21090076-21109223	SegDup
chr15	28584477	28597372	chr15:26120437-26139408	SegDup
chr15	28584477	28597376	chr15:20840278-20859231	SegDup
chr15	28584477	28599107	chr15:26289155-26310658	SegDup
chr15	28584482	28597089	chr15:20092410-20111038	SegDup
chr15	28584482	28599107	chr15:20965420-20986899	SegDup
chr15	28584486	28595823	chr15:27925800-27937166	SegDup
chr15	28584486	28595823	chr15:28396249-28407612	SegDup
chr15	28584486	28595823	chr15:30189437-30200789	SegDup
chr15	28584486	28614359	chr15:20254946-20290940	SegDup
chr15	28584486	28614359	chr15:26453850-26490105	SegDup
chr15	28584495	28595823	chr15:30388964-30400322	SegDup
chr15	28584508	28595823	chr15:27873741-27885089	SegDup
chr15	28584732	28595823	chr15:32187295-32196233	SegDup
chr15	28584732	28595823	chr15:32333476-32342408	SegDup
chr15	28602411	28607336	chr14:45892260-45896863	SegDup
chr15	28609241	28638888	chr15:25877201-25919110	SegDup
chr15	28675897	28677285	chr3:152733203-152734753	SegDup
chr15	28676030	28677354	chr5:32636369-32637777	SegDup
chr15	28687242	28693426	chr16:59207682-59214802	SegDup
chr15	28688248	28689678	chr15:30374968-30376480	SegDup
chr15	28688248	28689977	chr15:23687829-23689478	SegDup
chr15	28693401	28694678	chr15:28301583-28302842	SegDup
chr15	28693401	28694678	chr15:30294599-30295858	SegDup
chr15	28693410	28694678	chr16:59166913-59168181	SegDup
