sample	haplotype	window_start	window_end	methylation	control_maternal_mean	delta_from_control_maternal
004P	haplotype1	17715000	17716000	1.0	0.7143142857142858	0.2856857142857142
004P	haplotype1	17776000	17777000	0.348	0.633	-0.28500000000000003
004P	haplotype1	17823000	17824000	0.9	0.5569999999999999	0.3430000000000001
004P	haplotype1	17828000	17829000	0.9047142857142858	0.5773262195121951	0.3273880662020907
004P	haplotype1	17870000	17871000	0.5942028985507246	0.26407628676470585	0.33012661178601876
004P	haplotype1	17883000	17884000	0.7590000000000001	0.5070416666666667	0.2519583333333334
004P	haplotype1	17999000	18000000	1.0	0.7347540409482758	0.2652459590517242
004P	haplotype1	18005000	18006000	0.8652500000000001	0.5439801885429458	0.32126981145705424
004P	haplotype1	18007000	18008000	0.33325	0.6521560798548094	-0.3189060798548094
004P	haplotype1	18010000	18011000	0.7419354838709677	0.4781909290912167	0.26374455477975106
004P	haplotype1	18015000	18016000	0.2	0.8063465753424657	-0.6063465753424657
004P	haplotype1	18070000	18071000	1.0	0.5773294625690482	0.42267053743095184
004P	haplotype1	18105000	18106000	1.0	0.6492448275862068	0.35075517241379317
004P	haplotype1	18107000	18108000	0.9589315068493152	0.6928142857142857	0.26611722113502945
004P	haplotype1	18156000	18157000	0.9	0.6463888888888889	0.2536111111111111
004P	haplotype1	18157000	18158000	1.0	0.700436936936937	0.299563063063063
004P	haplotype1	18193000	18194000	0.8084893617021277	0.5153108108108109	0.29317855089131684
004P	haplotype1	18495000	18496000	0.9166666666666666	0.5857829457364341	0.33088372093023255
004P	haplotype1	18502000	18503000	0.9075	0.5222531446540881	0.38524685534591185
004P	haplotype1	18514000	18515000	0.5872391304347826	0.8378749999999999	-0.25063586956521733
004P	haplotype1	18518000	18519000	0.5107872340425532	0.8801239106753813	-0.3693366766328281
004P	haplotype1	18596000	18597000	0.4749250000000001	0.7270833333333333	-0.2521583333333332
004P	haplotype1	18615000	18616000	0.775	0.3913559322033898	0.3836440677966102
004P	haplotype1	18616000	18617000	0.550075	0.8034110420979986	-0.25333604209799865
004P	haplotype1	18649000	18650000	0.5237142857142857	0.8798984559744053	-0.3561841702601196
004P	haplotype1	18672000	18673000	1.0	0.7110950325929503	0.28890496740704974
004P	haplotype1	18690000	18691000	0.9142	0.6629495536401417	0.25125044635985827
004P	haplotype1	18695000	18696000	0.34375	0.70675	-0.363
004P	haplotype1	18703000	18704000	0.9583333333333334	0.6846666666666668	0.2736666666666666
004P	haplotype1	18709000	18710000	0.4166666666666667	0.7093	-0.29263333333333336
004P	haplotype1	18747000	18748000	0.6597446808510639	0.9248601319813294	-0.2651154511302656
004P	haplotype1	18809000	18810000	0.6025064102564103	0.8630951084538871	-0.2605886981974769
004P	haplotype1	18866000	18867000	0.4150754716981132	0.8108140089418778	-0.3957385372437646
004P	haplotype1	18868000	18869000	0.6374562500000001	0.9067922885572139	-0.2693360385572139
004P	haplotype1	18877000	18878000	0.4662406015037594	0.7394032258064516	-0.27316262430269217
004P	haplotype1	18878000	18879000	0.3855180722891567	0.8177460637480798	-0.4322279914589231
004P	haplotype1	18879000	18880000	0.13899999999999998	0.7273891050583658	-0.5883891050583658
004P	haplotype1	18881000	18882000	0.463	0.755370688107512	-0.29237068810751193
004P	haplotype1	18895000	18896000	0.9113333333333333	0.6579462365591398	0.2533870967741936
004P	haplotype1	18908000	18909000	0.9743333333333332	0.4627014925373134	0.5116318407960198
004P	haplotype1	18939000	18940000	0.8666666666666667	0.5798095353574546	0.2868571313092121
004P	haplotype1	18949000	18950000	0.2526703296703297	0.5164073033707866	-0.26373697370045684
004P	haplotype1	18951000	18952000	0.7299999999999999	0.44708510638297866	0.2829148936170212
004P	haplotype1	18966000	18967000	0.8764	0.5841552325581396	0.29224476744186034
004P	haplotype1	18971000	18972000	0.5468124999999999	0.8398487261146497	-0.29303622611464974
004P	haplotype1	18981000	18982000	0.415245283018868	0.6787192982456141	-0.26347401522674607
004P	haplotype1	18982000	18983000	0.4525119047619048	0.7234608733158068	-0.270948968553902
004P	haplotype1	18983000	18984000	0.3791206896551724	0.65125	-0.27212931034482757
004P	haplotype1	18985000	18986000	0.5183333333333334	0.8807318727490996	-0.36239853941576616
004P	haplotype1	19043000	19044000	0.9277349397590359	0.6769147124294663	0.25082022732956955
004P	haplotype1	19084000	19085000	0.5190379746835444	0.25008515268992726	0.26895282199361714
004P	haplotype1	19094000	19095000	0.16666666666666666	0.4909561926343451	-0.32428952596767846
004P	haplotype1	19153000	19154000	0.8399866666666667	0.580972049689441	0.2590146169772256
004P	haplotype1	19179000	19180000	0.6011791907514451	0.9312008434208265	-0.33002165266938144
004P	haplotype1	19212000	19213000	1.0	0.6648718784683685	0.3351281215316315
004P	haplotype1	19213000	19214000	0.9498999999999999	0.540607353730542	0.4092926462694578
004P	haplotype1	19248000	19249000	0.4276870229007633	0.7794863095238095	-0.35179928662304616
004P	haplotype1	19256000	19257000	0.9875	0.719125	0.26837500000000003
004P	haplotype1	19291000	19292000	0.5406666666666665	0.8110730444445639	-0.27040637777789733
004P	haplotype1	19293000	19294000	0.4383767123287671	0.70624501534352	-0.2678683030147529
004P	haplotype1	19297000	19298000	0.3500666666666667	0.8204949281662733	-0.47042826149960665
004P	haplotype1	19391000	19392000	0.3215	0.80256529087351	-0.48106529087351
004P	haplotype1	19396000	19397000	0.6194253731343283	0.9009912649722465	-0.28156589183791814
004P	haplotype1	19510000	19511000	0.28195580110497237	0.012658227848101266	0.2692975732568711
004P	haplotype1	19545000	19546000	0.5095541401273885	0.7599582500713674	-0.2504041099439789
004P	haplotype1	19549000	19550000	0.4545656565656566	0.7505039866255144	-0.2959383300598578
004P	haplotype1	19591000	19592000	0.554640625	0.8338581081081082	-0.27921748310810823
004P	haplotype1	19622000	19623000	0.8714428571428571	0.5970000000000001	0.274442857142857
004P	haplotype1	19625000	19626000	0.52	0.8846153846153846	-0.36461538461538456
004P	haplotype1	19635000	19636000	1.0	0.6781316964285714	0.3218683035714286
004P	haplotype1	19645000	19646000	0.9411666666666666	0.5538288288288289	0.3873378378378377
004P	haplotype1	19646000	19647000	1.0	0.4287261904761904	0.5712738095238096
004P	haplotype1	19659000	19660000	0.9090909090909091	0.5711121212121213	0.33797878787878777
004P	haplotype1	19689000	19690000	0.325	0.6667439600840337	-0.3417439600840337
004P	haplotype1	19691000	19692000	0.3832990654205608	0.7618760893246188	-0.378577023904058
004P	haplotype1	19695000	19696000	0.8702962962962963	0.5863700564971751	0.28392623979912124
004P	haplotype1	19710000	19711000	0.7575589225589225	0.4981174242424242	0.2594414983164983
004P	haplotype1	19852000	19853000	0.6625875000000001	0.9240821167883212	-0.2614946167883211
004P	haplotype1	19888000	19889000	0.6227105263157895	0.32422574698029244	0.29848477933549705
004P	haplotype1	19890000	19891000	0.8814736842105264	0.6105728291316526	0.27090085507887385
004P	haplotype1	19894000	19895000	0.5195844155844156	0.8133001618122977	-0.2937157462278821
004P	haplotype1	19906000	19907000	0.6011268882175227	0.9303009615384616	-0.32917407332093895
004P	haplotype1	19943000	19944000	0.7856607142857143	0.5313749999999999	0.25428571428571434
004P	haplotype1	19957000	19958000	0.33764935064935064	0.6295740740740741	-0.2919247234247234
004P	haplotype1	19973000	19974000	0.5603846153846155	0.8773295893122217	-0.31694497392760623
004P	haplotype1	19986000	19987000	1.0	0.5999240617547383	0.40007593824526166
004P	haplotype1	19987000	19988000	1.0	0.6393130798660928	0.36068692013390724
004P	haplotype1	19996000	19997000	0.9575106382978723	0.5499372693726937	0.4075733689251786
004P	haplotype1	20004000	20005000	0.9495714285714285	0.5611875	0.38838392857142856
004P	haplotype1	20012000	20013000	0.9762142857142857	0.6964183650362318	0.2797959206780539
004P	haplotype1	20039000	20040000	0.9317808219178082	0.6747819364386975	0.25699888547911065
004P	haplotype1	20075000	20076000	0.9024146341463415	0.6470588235294118	0.2553558106169297
004P	haplotype1	20076000	20077000	0.9503636363636364	0.6875	0.2628636363636364
004P	haplotype1	20077000	20078000	0.8115072463768116	0.5	0.3115072463768116
004P	haplotype1	20086000	20087000	0.9705882352941176	0.6	0.37058823529411766
004P	haplotype1	20087000	20088000	1.0	0.5925555555555555	0.4074444444444445
004P	haplotype1	20321000	20322000	0.6414344827586208	0.8932672844207498	-0.25183280166212896
004P	haplotype1	20400000	20401000	0.9633454545454547	0.6611657092907093	0.30217974525474545
004P	haplotype1	20704000	20705000	0.6301521739130435	0.972125	-0.34197282608695656
004P	haplotype1	20717000	20718000	0.4937405857740586	0.8686019012736509	-0.3748613154995923
004P	haplotype1	20863000	20864000	0.6016007359705611	0.34041053386563275	0.2611902021049283
004P	haplotype1	20867000	20868000	0.4116666666666667	0.8184718468468468	-0.40680518018018014
004P	haplotype1	20899000	20900000	0.5264736842105263	0.804875	-0.2784013157894737
004P	haplotype1	20900000	20901000	0.27570408163265303	0.8894363920750781	-0.613732310442425
004P	haplotype1	20905000	20906000	0.6112268518518519	0.8691279448621554	-0.2579010930103035
004P	haplotype1	20911000	20912000	0.53125	0.8887777777777777	-0.35752777777777767
004P	haplotype1	20912000	20913000	0.5572	0.8785507246376811	-0.3213507246376811
004P	haplotype1	20917000	20918000	0.5889080824088748	0.14880557110862264	0.4401025113002522
004P	haplotype1	20934000	20935000	0.5051313131313131	0.7767164490136149	-0.2715851358823018
004P	haplotype1	20936000	20937000	0.8304237288135593	0.4165833333333333	0.413840395480226
004P	haplotype1	20984000	20985000	0.6193333333333333	0.36366666666666664	0.25566666666666665
004P	haplotype1	21088000	21089000	0.666653846153846	0.9365000000000001	-0.26984615384615407
004P	haplotype1	21122000	21123000	0.8407579617834394	0.5756923712282841	0.26506559055515533
004P	haplotype1	21203000	21204000	0.7085000000000001	0.981388888888889	-0.27288888888888885
004P	haplotype1	21204000	21205000	0.6397888198757764	0.9391538461538461	-0.2993650262780697
004P	haplotype1	21207000	21208000	0.6665691056910569	0.951	-0.2844308943089431
004P	haplotype1	21209000	21210000	0.449	0.9211578947368421	-0.47215789473684205
004P	haplotype1	21212000	21213000	0.6950458715596329	0.9647244094488189	-0.26967853788918594
004P	haplotype1	21213000	21214000	0.06027710843373494	0.9138777777777778	-0.8536006693440429
004P	haplotype1	21216000	21217000	0.5246666666666667	0.92496875	-0.4003020833333333
004P	haplotype1	21217000	21218000	0.5617238095238095	0.9025588235294117	-0.34083501400560223
004P	haplotype1	21218000	21219000	0.7044366197183098	0.9555	-0.2510633802816902
004P	haplotype1	21221000	21222000	0.6580085470085469	0.9712902621722846	-0.3132817151637377
004P	haplotype1	21223000	21224000	0.7049935897435897	0.9664133379089452	-0.2614197481653555
004P	haplotype1	21232000	21233000	0.4374625	0.7431868131868131	-0.30572431318681315
004P	haplotype1	21233000	21234000	0.4997906976744186	0.9420525362318841	-0.44226183855746554
004P	haplotype1	21242000	21243000	0.57675	0.8737019230769231	-0.2969519230769231
004P	haplotype1	21259000	21260000	0.5	0.8563403883495145	-0.35634038834951454
004P	haplotype1	21296000	21297000	0.984	0.36108587183308494	0.622914128166915
004P	haplotype1	21297000	21298000	0.9090909090909091	0.5723260049220673	0.33676490416884175
004P	haplotype1	21313000	21314000	0.6765928143712576	0.9320746169772256	-0.255481802605968
004P	haplotype1	21319000	21320000	0.5411999999999999	0.8131713800904977	-0.2719713800904978
004P	haplotype1	21358000	21359000	0.2646470588235294	0.5221805356777756	-0.25753347685424616
004P	haplotype1	21363000	21364000	0.7499694444444444	0.4585684279084914	0.29140101653595296
004P	haplotype1	21382000	21383000	0.9193793103448278	0.2945403594917121	0.6248389508531157
004P	haplotype1	21403000	21404000	0.5432222222222222	0.795232476635514	-0.25201025441329183
004P	haplotype1	21407000	21408000	0.62017	0.9212421218487395	-0.30107212184873955
004P	haplotype1	21410000	21411000	0.30171186440677966	0.6971533692722371	-0.3954415048654575
004P	haplotype1	21419000	21420000	0.6271949152542373	0.9604265957446809	-0.3332316804904436
004P	haplotype1	21421000	21422000	0.8352250775365528	0.11282344977972593	0.7224016277568269
004P	haplotype1	21426000	21427000	0.7336157205240175	0.9947578947368421	-0.2611421742128246
004P	haplotype1	21428000	21429000	0.5801666666666666	0.8396318681318682	-0.2594652014652016
004P	haplotype1	21430000	21431000	0.4294117647058823	0.8359497057249865	-0.4065379410191042
004P	haplotype1	21432000	21433000	0.41828571428571426	0.11374999999999998	0.3045357142857143
004P	haplotype1	21447000	21448000	0.5881764705882353	0.8438040638606676	-0.25562759327243234
004P	haplotype1	21493000	21494000	0.6050840336134453	0.913309693877551	-0.3082256602641057
004P	haplotype1	21502000	21503000	0.509320754716981	0.94675	-0.43742924528301896
004P	haplotype1	21504000	21505000	0.657392857142857	0.9194108187134502	-0.2620179615705932
004P	haplotype1	21505000	21506000	0.5657894736842105	0.958229465904337	-0.3924399922201265
004P	haplotype1	21511000	21512000	0.5997999999999999	0.8982721555174386	-0.29847215551743866
004P	haplotype1	21513000	21514000	0.47633333333333333	0.8902030303030304	-0.41386969696969705
004P	haplotype1	21526000	21527000	0.6142285714285715	0.8934591304347826	-0.2792305590062112
004P	haplotype1	21539000	21540000	0.6341191489361704	0.8958658415841583	-0.2617466926479879
004P	haplotype1	21545000	21546000	0.595	0.9180625	-0.32306250000000003
004P	haplotype1	21548000	21549000	0.41487234042553195	0.7404431818181818	-0.32557084139264986
004P	haplotype1	21591000	21592000	0.6329230769230769	0.32832710858273567	0.30459596834034125
004P	haplotype1	21648000	21649000	0.49324	0.7535919318547091	-0.26035193185470906
004P	haplotype1	21662000	21663000	0.30766666666666664	0.6627961452928095	-0.35512947862614286
004P	haplotype1	21725000	21726000	0.45080924855491333	0.7043554815573769	-0.2535462330024636
004P	haplotype1	21737000	21738000	0.4000222222222222	0.6831338028169014	-0.28311158059467917
004P	haplotype1	21757000	21758000	0.6143515358361774	0.3484444444444444	0.265907091391733
004P	haplotype1	21808000	21809000	0.5714489795918367	0.8406864406779662	-0.26923746108612945
004P	haplotype1	21818000	21819000	0.52	0.7939024390243903	-0.27390243902439027
004P	haplotype1	21829000	21830000	0.7665	0.44904051224226804	0.3174594877577319
004P	haplotype1	21837000	21838000	0.5363907284768212	0.8028659812409813	-0.26647525276416006
004P	haplotype1	21865000	21866000	0.897	0.5270945945945946	0.3699054054054054
004P	haplotype1	21887000	21888000	0.39787096774193553	0.6653461538461538	-0.2674751861042183
004P	haplotype1	21888000	21889000	0.5082083333333334	0.8241380128597673	-0.3159296795264339
004P	haplotype1	21905000	21906000	0.3099379844961241	0.5967311837153608	-0.28679319921923674
004P	haplotype1	21907000	21908000	0.6899655172413793	0.943448559348575	-0.25348304210719563
004P	haplotype1	21927000	21928000	0.35378048780487803	0.6116237534902274	-0.2578432656853493
004P	haplotype1	21933000	21934000	0.39993	0.7114077648607151	-0.3114777648607151
004P	haplotype1	21955000	21956000	0.9743333333333332	0.49431034482758623	0.48002298850574693
004P	haplotype1	21965000	21966000	0.43333333333333335	0.7051666666666667	-0.27183333333333337
004P	haplotype1	21966000	21967000	0.0125	0.69075	-0.67825
004P	haplotype1	21969000	21970000	0.3037142857142857	0.7428918918918919	-0.43917760617760615
004P	haplotype1	21986000	21987000	0.6498583333333333	0.16647435897435897	0.48338397435897434
004P	haplotype1	21989000	21990000	0.8570000000000001	0.28279292929292926	0.5742070707070708
004P	haplotype1	21991000	21992000	0.6942849740932642	0.44065536723163845	0.2536296068616257
004P	haplotype1	21993000	21994000	0.4919426229508197	0.1885327868852459	0.3034098360655738
004P	haplotype1	22057000	22058000	0.6601553398058252	0.910715798098984	-0.25056045829315876
004P	haplotype1	22081000	22082000	0.630445652173913	0.8831249999999999	-0.2526793478260869
004P	haplotype1	22084000	22085000	0.5540675675675676	0.8176066776135742	-0.2635391100460066
004P	haplotype1	22158000	22159000	0.46300925925925923	0.7809894089408942	-0.31798014968163496
004P	haplotype1	22165000	22166000	0.5245555555555557	0.8359709737827716	-0.31141541822721597
004P	haplotype1	22166000	22167000	0.48894618834080716	0.7902173387096774	-0.3012711503688702
004P	haplotype1	22168000	22169000	0.5128717948717948	0.7824480392156863	-0.2695762443438915
004P	haplotype1	22189000	22190000	1.0	0.6732692307692307	0.32673076923076927
004P	haplotype1	22204000	22205000	0.42569148936170215	0.8603953488372093	-0.4347038594755071
004P	haplotype1	22205000	22206000	0.3032387096774194	0.5686210526315789	-0.2653823429541595
004P	haplotype1	22207000	22208000	0.21144150943396225	0.7857999999999999	-0.5743584905660377
004P	haplotype1	22208000	22209000	0.14964566929133857	0.5739259259259258	-0.42428025663458724
004P	haplotype1	22209000	22210000	0.4556923076923077	0.7280735294117648	-0.27238122171945717
004P	haplotype1	22210000	22211000	0.48020799999999997	0.9113037974683543	-0.43109579746835436
004P	haplotype1	22244000	22245000	0.6277517241379309	0.9076506849315068	-0.2798989607935759
004P	haplotype1	22259000	22260000	0.48003999999999997	0.7618928571428571	-0.2818528571428572
004P	haplotype1	22279000	22280000	0.6443333333333333	0.0	0.6443333333333333
004P	haplotype1	22289000	22290000	0.5906241610738256	0.8928431726907631	-0.3022190116169374
004P	haplotype1	22293000	22294000	0.546	0.8910192307692307	-0.3450192307692307
004P	haplotype1	22300000	22301000	0.4886249999999999	0.7450625000000001	-0.25643750000000015
004P	haplotype1	22302000	22303000	0.6086459627329193	0.873361111111111	-0.26471514837819177
004P	haplotype1	22305000	22306000	0.6666666666666666	0.3582537313432836	0.30841293532338304
004P	haplotype1	22321000	22322000	0.4954234234234233	0.8537649572649573	-0.35834153384153394
004P	haplotype1	22329000	22330000	0.8889074074074074	0.6164109589041097	0.2724964485032977
004P	haplotype1	22338000	22339000	0.660245283018868	0.39233333333333337	0.2679119496855346
004P	haplotype1	22351000	22352000	0.8708838709677421	0.6166666666666667	0.2542172043010754
004P	haplotype1	22355000	22356000	0.580439024390244	0.8359140625	-0.255475038109756
004P	haplotype1	22367000	22368000	0.5847692307692307	0.85	-0.26523076923076927
004P	haplotype1	22377000	22378000	0.5442058823529412	0.820589552238806	-0.2763836698858648
004P	haplotype1	22378000	22379000	0.36245000000000005	0.7128333333333334	-0.3503833333333334
004P	haplotype1	22380000	22381000	0.36375454545454544	0.672673076923077	-0.30891853146853154
004P	haplotype1	22416000	22417000	0.2875	0.5619093256814922	-0.27440932568149223
004P	haplotype1	22424000	22425000	0.5903481228668943	0.8867400442477877	-0.29639192138089343
004P	haplotype1	22489000	22490000	0.43811235955056177	0.7285897597977242	-0.29047740024716245
004P	haplotype1	22525000	22526000	0.7143809523809523	0.4409144230769231	0.27346652930402926
004P	haplotype1	22542000	22543000	0.6365818181818181	0.8888571428571429	-0.25227532467532476
004P	haplotype1	22550000	22551000	0.6375375000000001	0.9456352201257863	-0.3080977201257862
004P	haplotype1	22553000	22554000	0.30685714285714283	0.569895238095238	-0.2630380952380952
004P	haplotype1	22593000	22594000	0.8633760445682452	0.6091533284385706	0.2542227161296746
004P	haplotype1	22604000	22605000	0.7154688346883469	0.9658666666666667	-0.2503978319783198
004P	haplotype1	22618000	22619000	0.48815384615384616	0.75721993006993	-0.2690660839160839
004P	haplotype1	22653000	22654000	0.5757272727272728	0.29889790052896187	0.2768293721983109
004P	haplotype1	22678000	22679000	0.6251125	0.8986988636363635	-0.27358636363636357
004P	haplotype1	22679000	22680000	0.5000104166666667	0.9311487491548344	-0.4311383324881677
004P	haplotype1	22691000	22692000	0.947731707317073	0.5110615493220384	0.4366701579950346
004P	haplotype1	22692000	22693000	0.9602962962962962	0.4758973121548361	0.4843989841414601
004P	haplotype1	22693000	22694000	0.9061666666666666	0.5124973390866595	0.39366932758000706
004P	haplotype1	22711000	22712000	0.37040740740740746	0.7261574823053589	-0.35575007489795146
004P	haplotype1	22712000	22713000	0.6819318181818183	0.9681925558312655	-0.28626073764944726
004P	haplotype1	22748000	22749000	0.4794520547945205	0.8360545454545455	-0.356602490660025
004P	haplotype1	22756000	22757000	0.3435153374233129	0.6815536600496279	-0.338038322626315
004P	haplotype1	22763000	22764000	0.1954942528735632	0.5176979941401848	-0.3222037412666216
004P	haplotype1	22874000	22875000	0.6875446428571428	0.4245517848935192	0.2629928579636236
004P	haplotype1	22894000	22895000	0.5065394736842105	0.7566009259259259	-0.2500614522417154
004P	haplotype1	23014000	23015000	0.5317911392405062	0.8415801843317973	-0.309789045091291
004P	haplotype1	23043000	23044000	0.6387530120481929	0.905649903288201	-0.26689689124000815
004P	haplotype1	23489000	23490000	0.48525	0.8313965478965479	-0.3461465478965479
004P	haplotype1	23625000	23626000	0.9632222222222222	0.7104296335447499	0.25279258867747234
004P	haplotype1	23653000	23654000	0.6986987951807229	0.9870898461538462	-0.28839105097312334
004P	haplotype1	23714000	23715000	0.6739975669099757	0.9272293972939729	-0.2532318303839972
004P	haplotype1	23952000	23953000	0.8311267605633803	0.5113333333333333	0.319793427230047
004P	haplotype1	23953000	23954000	0.7129603960396039	0.9749749999999999	-0.262014603960396
004P	haplotype1	23968000	23969000	0.622896174863388	0.9202209172914715	-0.2973247424280835
004P	haplotype1	24049000	24050000	0.6475539568345324	0.8979119496855347	-0.25035799285100224
004P	haplotype1	24064000	24065000	0.652	0.9167912087912089	-0.2647912087912089
004P	haplotype1	24067000	24068000	0.5163846153846153	0.7804545250896058	-0.26406990970499045
004P	haplotype1	24077000	24078000	0.9320847457627119	0.5503735632183908	0.3817111825443211
004P	haplotype1	24127000	24128000	0.85	0.5997694202898551	0.25023057971014484
004P	haplotype1	24157000	24158000	0.9665333333333334	0.6275238095238095	0.33900952380952387
004P	haplotype1	24252000	24253000	0.8334102564102565	0.55415	0.2792602564102564
004P	haplotype1	24311000	24312000	0.4263565891472868	0.9154775022956841	-0.48912091314839734
004P	haplotype1	24339000	24340000	0.25633333333333336	0.7823333333333334	-0.526
004P	haplotype1	24343000	24344000	0.5926666666666667	0.8929113924050635	-0.3002447257383968
004P	haplotype1	24346000	24347000	0.5178820512820512	0.7745119620422347	-0.2566299107601835
004P	haplotype1	24375000	24376000	0.5721250000000001	0.8992534722222223	-0.3271284722222222
004P	haplotype1	24435000	24436000	0.4649767441860465	0.9232743902439025	-0.45829764605785595
004P	haplotype1	24544000	24545000	0.5663855421686748	0.8961122647631408	-0.329726722594466
004P	haplotype1	24644000	24645000	0.9428857142857144	0.6133333333333333	0.32955238095238115
004P	haplotype1	24754000	24755000	0.9225862068965518	0.6720944995864351	0.2504917073101167
004P	haplotype1	24844000	24845000	0.6804722222222223	0.9400442477876105	-0.2595720255653883
004P	haplotype1	25056000	25057000	0.4873461538461538	0.7722506538796862	-0.28490450003353235
004P	haplotype1	25078000	25079000	0.5926666666666667	0.8967009803921568	-0.30403431372549017
004P	haplotype1	25110000	25111000	0.9367468354430379	0.6621285565579459	0.27461827888509205
004P	haplotype1	25138000	25139000	0.61453125	0.9296056338028169	-0.31507438380281694
004P	haplotype1	25193000	25194000	0.5000972222222222	0.7554810958904109	-0.2553838736681887
004P	haplotype1	25214000	25215000	0.6666666666666666	0.9655098039215687	-0.2988431372549021
004P	haplotype1	25256000	25257000	0.6514013157894737	0.9477140151515151	-0.2963126993620414
004P	haplotype1	25257000	25258000	0.6254381270903009	0.9744965142545567	-0.34905838716425586
004P	haplotype1	25564000	25565000	0.813695652173913	0.5404287174246295	0.27326693474928354
004P	haplotype1	25601000	25602000	1.0	0.6157621951219512	0.3842378048780488
004P	haplotype1	25670000	25671000	0.47933333333333333	0.8012952380952381	-0.3219619047619047
004P	haplotype1	25778000	25779000	0.5778	0.8597585616438357	-0.2819585616438357
004P	haplotype1	25779000	25780000	0.9454	0.6833678160919541	0.26203218390804595
004P	haplotype1	25898000	25899000	0.6981509433962263	0.9518990384615384	-0.25374809506531215
004P	haplotype1	25981000	25982000	1.0	0.7403202194567108	0.2596797805432892
004P	haplotype1	26123000	26124000	0.82	0.5258377221856485	0.29416227781435145
004P	haplotype1	26154000	26155000	0.5437719298245614	0.8749285714285715	-0.33115664160401015
004P	haplotype1	26192000	26193000	0.6386666666666666	0.9761666666666666	-0.3375
004P	haplotype1	26222000	26223000	0.6910000000000001	0.9798533333333335	-0.2888533333333334
004P	haplotype1	26248000	26249000	0.4829830508474577	0.909905	-0.4269219491525423
004P	haplotype1	26256000	26257000	0.6732115384615386	0.9293823529411764	-0.25617081447963785
004P	haplotype1	26260000	26261000	0.5821606425702811	0.9506338028169014	-0.36847316024662025
004P	haplotype1	26265000	26266000	0.6305555555555555	0.9596069177699049	-0.3290513622143494
004P	haplotype1	26274000	26275000	0.6739411764705882	0.9533490337234369	-0.2794078572528488
004P	haplotype1	26308000	26309000	0.6921999999999999	0.3767955223880597	0.31540447761194024
004P	haplotype1	26610000	26611000	0.3113016393442623	0.7846153846153846	-0.4733137452711223
004P	haplotype1	26785000	26786000	0.6459233576642336	0.9714	-0.32547664233576645
004P	haplotype1	26871000	26872000	0.5909090909090909	0.962461418027287	-0.3715523271181961
004P	haplotype1	26937000	26938000	0.9534025423728815	0.6044488017429195	0.348953740629962
004P	haplotype1	27026000	27027000	0.625125	1.0	-0.37487499999999996
004P	haplotype1	27037000	27038000	0.3463076923076923	0.9320847457627119	-0.5857770534550196
004P	haplotype1	27075000	27076000	1.0	0.6948252587991719	0.3051747412008281
004P	haplotype1	27076000	27077000	0.7303820224719102	1.0	-0.2696179775280898
004P	haplotype1	27082000	27083000	0.6124324324324324	0.8979269403092933	-0.2854945078768609
004P	haplotype1	27092000	27093000	0.6363232323232323	0.8987540540540541	-0.2624308217308218
004P	haplotype1	27172000	27173000	0.5625	0.8452500000000001	-0.28275000000000006
004P	haplotype1	27220000	27221000	0.5871243781094527	0.8434144703577298	-0.25629009224827703
004P	haplotype1	27556000	27557000	0.9243584905660377	0.5697088607594937	0.354649629806544
004P	haplotype1	27559000	27560000	0.9743333333333332	0.625	0.34933333333333316
004P	haplotype1	27715000	27716000	0.5370425531914894	0.8288570403643396	-0.2918144871728502
004P	haplotype1	27716000	27717000	0.4168333333333333	0.7045774680603949	-0.2877441347270616
004P	haplotype1	27781000	27782000	0.6226037735849056	0.8948615384615385	-0.2722577648766329
004P	haplotype1	27986000	27987000	0.48392242595204515	0.2123681600289427	0.27155426592310244
004P	haplotype2	17643000	17644000	0.5333333333333333	0.9246578947368419	-0.3913245614035086
004P	haplotype2	17646000	17647000	0.5230769230769231	0.8556874999999999	-0.33261057692307683
004P	haplotype2	17688000	17689000	0.8841818181818181	0.584104895104895	0.300076923076923
004P	haplotype2	17715000	17716000	1.0	0.7143142857142858	0.2856857142857142
004P	haplotype2	17718000	17719000	1.0	0.6323970588235294	0.36760294117647063
004P	haplotype2	17722000	17723000	1.0	0.7239583333333333	0.27604166666666674
004P	haplotype2	17753000	17754000	0.3333333333333333	0.5937703496914488	-0.2604370163581155
004P	haplotype2	17768000	17769000	0.982438596491228	0.6625232371794871	0.31991535931174087
004P	haplotype2	17839000	17840000	0.4166666666666667	0.8478333333333334	-0.43116666666666675
004P	haplotype2	17870000	17871000	0.5715238095238095	0.26407628676470585	0.3074475227591037
004P	haplotype2	17884000	17885000	0.3334705882352941	0.6709710144927536	-0.3375004262574596
004P	haplotype2	17911000	17912000	0.5	0.81210012526516	-0.31210012526515996
004P	haplotype2	17919000	17920000	0.8572857142857144	0.5309060379918589	0.32637967629385556
004P	haplotype2	17927000	17928000	0.515090909090909	0.8972742608608206	-0.3821833517699116
004P	haplotype2	17929000	17930000	0.7272727272727273	0.3304353448275862	0.3968373824451411
004P	haplotype2	17930000	17931000	0.6606785714285713	0.9333037383177569	-0.2726251668891856
004P	haplotype2	17933000	17934000	0.5821641791044776	0.8349157972177634	-0.25275161811328584
004P	haplotype2	18002000	18003000	0.475	0.7407222222222222	-0.2657222222222222
004P	haplotype2	18004000	18005000	0.6538461538461539	0.9139357680250784	-0.2600896141789245
004P	haplotype2	18006000	18007000	0.16666666666666666	0.5198326367781156	-0.353165970111449
004P	haplotype2	18010000	18011000	0.1	0.4781909290912167	-0.37819092909121665
004P	haplotype2	18012000	18013000	0.3888888888888889	0.6577558427238255	-0.2688669538349366
004P	haplotype2	18114000	18115000	0.8	0.5408174019607843	0.25918259803921573
004P	haplotype2	18132000	18133000	0.7680869565217392	0.40525	0.3628369565217392
004P	haplotype2	18133000	18134000	0.9	0.5799782276546982	0.3200217723453018
004P	haplotype2	18135000	18136000	0.8203333333333332	0.46408558558558566	0.3562477477477476
004P	haplotype2	18139000	18140000	0.9677096774193548	0.6898613028472821	0.2778483745720727
004P	haplotype2	18145000	18146000	0.59375	0.9485588235294119	-0.3548088235294119
004P	haplotype2	18290000	18291000	0.3333333333333333	0.783712636222107	-0.45037930288877365
004P	haplotype2	18512000	18513000	0.9400512820512821	0.6436795343137256	0.2963717477375565
004P	haplotype2	18606000	18607000	0.5554999999999999	0.8571428571428572	-0.3016428571428573
004P	haplotype2	18616000	18617000	0.5384615384615384	0.8034110420979986	-0.2649495036364602
004P	haplotype2	18634000	18635000	0.9654827586206897	0.6441920603437914	0.32129069827689827
004P	haplotype2	18647000	18648000	1.0	0.7391466852175006	0.2608533147824994
004P	haplotype2	18660000	18661000	1.0	0.7003444389398067	0.2996555610601933
004P	haplotype2	18665000	18666000	0.8875	0.5785425	0.3089575
004P	haplotype2	18692000	18693000	0.4473684210526316	0.774022159358793	-0.32665373830616146
004P	haplotype2	18703000	18704000	0.963	0.6846666666666668	0.2783333333333332
004P	haplotype2	18730000	18731000	0.5104468085106383	0.7918722943722943	-0.28142548586165606
004P	haplotype2	18733000	18734000	0.4834	0.8066601049868767	-0.3232601049868767
004P	haplotype2	18734000	18735000	0.6317017543859649	0.9004069432841363	-0.2687051888981714
004P	haplotype2	18738000	18739000	0.44818965517241377	0.7999011108427916	-0.3517114556703778
004P	haplotype2	18739000	18740000	0.5853658536585366	0.8837700879165815	-0.29840423425804496
004P	haplotype2	18740000	18741000	0.4782608695652174	0.822572292800968	-0.3443114232357506
004P	haplotype2	18748000	18749000	0.6571538461538462	0.9469738700564971	-0.28982002390265094
004P	haplotype2	18751000	18752000	0.5455454545454546	0.7961582789686238	-0.25061282442316923
004P	haplotype2	18752000	18753000	0.4882558139534883	0.8033571428571429	-0.31510132890365455
004P	haplotype2	18753000	18754000	0.40005714285714283	0.7092463284379172	-0.3091891855807744
004P	haplotype2	18758000	18759000	0.5125374999999999	0.8223333333333334	-0.3097958333333335
004P	haplotype2	18760000	18761000	0.6738478260869565	0.9528125000000001	-0.2789646739130436
004P	haplotype2	18761000	18762000	0.6	0.8818750000000001	-0.2818750000000001
004P	haplotype2	18780000	18781000	0.463241610738255	0.7513344827586207	-0.2880928720203657
004P	haplotype2	18785000	18786000	0.770027027027027	0.46860603932584277	0.3014209877011842
004P	haplotype2	18804000	18805000	0.38099999999999995	0.8088424242424241	-0.4278424242424242
004P	haplotype2	18806000	18807000	0.27586206896551724	0.5342250000000001	-0.2583629310344828
004P	haplotype2	18807000	18808000	0.4666666666666667	0.7729988294361548	-0.30633216276948816
004P	haplotype2	18810000	18811000	0.4103333333333333	0.7164036608863198	-0.30607032755298647
004P	haplotype2	18815000	18816000	0.7819999999999999	0.43631770833333333	0.3456822916666666
004P	haplotype2	18817000	18818000	0.47177018633540363	0.8027647144522145	-0.3309945281168109
004P	haplotype2	18818000	18819000	0.4953333333333334	0.7600947529291899	-0.26476141959585653
004P	haplotype2	18819000	18820000	0.34299999999999997	0.734259493670886	-0.3912594936708861
004P	haplotype2	18910000	18911000	0.41662499999999997	0.8836158459973674	-0.46699084599736745
004P	haplotype2	18951000	18952000	0.8450422535211267	0.44708510638297866	0.39795714713814806
004P	haplotype2	19030000	19031000	0.7843333333333334	0.5102190167795113	0.2741143165538221
004P	haplotype2	19040000	19041000	0.9484655172413793	0.6307504010860174	0.31771511615536185
004P	haplotype2	19052000	19053000	0.6353176470588235	0.35578926800716154	0.279528379051662
004P	haplotype2	19094000	19095000	0.7544561403508773	0.4909561926343451	0.2634999477165322
004P	haplotype2	19168000	19169000	0.8631506849315068	0.5135887879160014	0.34956189701550544
004P	haplotype2	19216000	19217000	0.4805194805194805	0.7608577235772358	-0.2803382430577553
004P	haplotype2	19282000	19283000	0.5483870967741935	0.8199176029962547	-0.2715305062220612
004P	haplotype2	19286000	19287000	0.9821249999999999	0.6302995495495496	0.3518254504504503
004P	haplotype2	19332000	19333000	0.6053853211009174	0.9357037037037037	-0.33031838260278634
004P	haplotype2	19333000	19334000	0.5294117647058824	0.9675	-0.43808823529411767
004P	haplotype2	19335000	19336000	0.6983619047619047	0.9652089552238807	-0.266847050461976
004P	haplotype2	19356000	19357000	0.4590245901639345	0.8211273573500966	-0.3621027671861621
004P	haplotype2	19504000	19505000	0.9795714285714284	0.6571428571428571	0.3224285714285713
004P	haplotype2	19505000	19506000	1.0	0.5129999999999999	0.4870000000000001
004P	haplotype2	19507000	19508000	0.926	0.6561250000000001	0.269875
004P	haplotype2	19510000	19511000	0.5958723404255319	0.012658227848101266	0.5832141125774307
004P	haplotype2	19511000	19512000	0.7223333333333334	0.1378448275862069	0.5844885057471265
004P	haplotype2	19512000	19513000	0.75	0.47972297297297295	0.27027702702702705
004P	haplotype2	19522000	19523000	0.9564782608695651	0.6311875	0.3252907608695651
004P	haplotype2	19552000	19553000	0.4154225352112676	0.7726142857142857	-0.3571917505030181
004P	haplotype2	19583000	19584000	0.5072753623188405	0.8490330866955187	-0.3417577243766782
004P	haplotype2	19609000	19610000	0.6566363636363637	0.9414460470085471	-0.2848096833721834
004P	haplotype2	19618000	19619000	0.5000588235294118	0.7814758405977584	-0.28141701706834665
004P	haplotype2	19619000	19620000	0.0	0.4877388438133874	-0.4877388438133874
004P	haplotype2	19620000	19621000	0.2	0.7061178571428571	-0.5061178571428571
004P	haplotype2	19645000	19646000	0.8912173913043477	0.5538288288288289	0.33738856247551885
004P	haplotype2	19702000	19703000	0.5069436619718309	0.779385	-0.27244133802816906
004P	haplotype2	19715000	19716000	0.5686666666666668	0.9231433070866142	-0.3544766404199474
004P	haplotype2	19721000	19722000	0.3726170212765958	0.6505809523809525	-0.2779639311043567
004P	haplotype2	19775000	19776000	0.6666041666666667	0.95	-0.2833958333333333
004P	haplotype2	19776000	19777000	0.693	0.9665999999999999	-0.27359999999999995
004P	haplotype2	19785000	19786000	0.36	0.8220681818181819	-0.4620681818181819
004P	haplotype2	19809000	19810000	0.6666666666666666	0.41448780487804876	0.25217886178861787
004P	haplotype2	19815000	19816000	0.91075	0.5839642857142857	0.32678571428571423
004P	haplotype2	19818000	19819000	0.0	0.3563333333333334	-0.3563333333333334
004P	haplotype2	19823000	19824000	0.5238095238095238	0.7777703005252734	-0.25396077671574957
004P	haplotype2	19968000	19969000	0.9098288288288289	0.536958409603678	0.37287041922515085
004P	haplotype2	19970000	19971000	0.34028865979381445	0.7029568348981459	-0.3626681751043314
004P	haplotype2	19971000	19972000	0.9496134453781512	0.690270540816184	0.2593429045619672
004P	haplotype2	19994000	19995000	0.32569767441860464	0.6666666666666666	-0.340968992248062
004P	haplotype2	20004000	20005000	0.8305714285714284	0.5611875	0.26938392857142845
004P	haplotype2	20012000	20013000	0.95	0.6964183650362318	0.2535816349637682
004P	haplotype2	20040000	20041000	0.9473947368421052	0.6814957264957265	0.26589901034637864
004P	haplotype2	20061000	20062000	0.6	0.9848686868686869	-0.3848686868686869
004P	haplotype2	20063000	20064000	1.0	0.6793168103448276	0.3206831896551724
004P	haplotype2	20074000	20075000	0.970610294117647	0.7058823529411765	0.26472794117647047
004P	haplotype2	20077000	20078000	0.7819999999999999	0.5	0.2819999999999999
004P	haplotype2	20400000	20401000	0.9630246913580246	0.6611657092907093	0.3018589820673153
004P	haplotype2	20416000	20417000	0.8344068965517242	0.5272212902818945	0.3071856062698297
004P	haplotype2	20417000	20418000	0.8388862559241705	0.526838702342151	0.3120475535820195
004P	haplotype2	20498000	20499000	0.5250999999999999	0.9457813620071684	-0.42068136200716855
004P	haplotype2	20595000	20596000	0.691340425531915	0.989625	-0.298284574468085
004P	haplotype2	20716000	20717000	0.5694791666666666	0.8754458204334366	-0.3059666537667699
004P	haplotype2	20735000	20736000	0.6407378640776699	0.9067857142857143	-0.26604785020804445
004P	haplotype2	20766000	20767000	0.5000142857142856	0.8166398395721925	-0.3166255538579069
004P	haplotype2	20774000	20775000	0.5418333333333334	0.8175935483870967	-0.27576021505376336
004P	haplotype2	20802000	20803000	0.49039622641509434	0.768463829787234	-0.2780676033721397
004P	haplotype2	20892000	20893000	0.5258205128205128	0.8389648233486943	-0.3131443105281815
004P	haplotype2	20905000	20906000	0.49020915032679746	0.8691279448621554	-0.37891879453535793
004P	haplotype2	20927000	20928000	0.464	0.7529672280844156	-0.2889672280844156
004P	haplotype2	20951000	20952000	0.75	1.0	-0.25
004P	haplotype2	21035000	21036000	0.26666621983914207	0.0015451540436456997	0.2651210657954964
004P	haplotype2	21059000	21060000	0.6388333333333334	0.9894526315789473	-0.3506192982456139
004P	haplotype2	21063000	21064000	0.6	0.983223463687151	-0.383223463687151
004P	haplotype2	21092000	21093000	0.9763333333333334	0.6472404371584699	0.3290928961748635
004P	haplotype2	21102000	21103000	0.5834469696969697	0.8788450468540829	-0.2953980771571132
004P	haplotype2	21122000	21123000	0.9504801980198021	0.5756923712282841	0.374787826791518
004P	haplotype2	21124000	21125000	0.93	0.6613150921658986	0.2686849078341015
004P	haplotype2	21203000	21204000	0.6942916666666665	0.981388888888889	-0.28709722222222245
004P	haplotype2	21207000	21208000	0.6480281690140844	0.951	-0.3029718309859155
004P	haplotype2	21209000	21210000	0.6	0.9211578947368421	-0.3211578947368421
004P	haplotype2	21213000	21214000	0.4146463414634146	0.9138777777777778	-0.4992314363143632
004P	haplotype2	21233000	21234000	0.53275	0.9420525362318841	-0.4093025362318842
004P	haplotype2	21248000	21249000	0.41315217391304343	0.8686722222222222	-0.45552004830917875
004P	haplotype2	21259000	21260000	0.4127301587301587	0.8563403883495145	-0.4436102296193558
004P	haplotype2	21283000	21284000	0.4735714285714286	0.7273873489694385	-0.2538159203980099
004P	haplotype2	21296000	21297000	0.836	0.36108587183308494	0.47491412816691503
004P	haplotype2	21309000	21310000	0.492328125	0.7626520676691728	-0.2703239426691728
004P	haplotype2	21312000	21313000	0.4220222222222222	0.7418132120253165	-0.3197909898030943
004P	haplotype2	21314000	21315000	0.6321379310344828	0.8895407666809239	-0.25740283564644106
004P	haplotype2	21382000	21383000	0.9235601092896175	0.2945403594917121	0.6290197497979054
004P	haplotype2	21388000	21389000	0.6018333333333332	0.8664745276249701	-0.2646411942916369
004P	haplotype2	21407000	21408000	0.43625531914893617	0.9212421218487395	-0.4849868026998034
004P	haplotype2	21409000	21410000	0.43814285714285717	0.7507892787251889	-0.3126464215823317
004P	haplotype2	21415000	21416000	0.5	0.8103879310344827	-0.3103879310344827
004P	haplotype2	21419000	21420000	0.618984126984127	0.9604265957446809	-0.34144246876055395
004P	haplotype2	21421000	21422000	0.8297127659574468	0.11282344977972593	0.7168893161777209
004P	haplotype2	21443000	21444000	0.5410470588235294	0.8017101449275362	-0.2606630861040068
004P	haplotype2	21452000	21453000	0.6198264462809917	0.870250754147813	-0.25042430786682135
004P	haplotype2	21493000	21494000	0.5730000000000001	0.913309693877551	-0.34030969387755095
004P	haplotype2	21496000	21497000	0.7017182320441988	0.4404345979397295	0.2612836341044693
004P	haplotype2	21501000	21502000	0.6602000000000001	0.9476931818181819	-0.28749318181818173
004P	haplotype2	21505000	21506000	0.6216756756756756	0.958229465904337	-0.3365537902286614
004P	haplotype2	21508000	21509000	0.5945675675675676	0.8614812206572771	-0.2669136530897095
004P	haplotype2	21511000	21512000	0.5604835164835166	0.8982721555174386	-0.337788639033922
004P	haplotype2	21513000	21514000	0.44244230769230763	0.8902030303030304	-0.44776072261072275
004P	haplotype2	21517000	21518000	0.5198217821782178	0.933075338611792	-0.4132535564335742
004P	haplotype2	21521000	21522000	0.5804774193548388	0.8808681818181818	-0.30039076246334306
004P	haplotype2	21522000	21523000	0.43411320754716987	0.7446666666666667	-0.31055345911949683
004P	haplotype2	21539000	21540000	0.48052427184466023	0.8958658415841583	-0.41534156973949804
004P	haplotype2	21545000	21546000	0.5704166666666668	0.9180625	-0.3476458333333332
004P	haplotype2	21548000	21549000	0.22818987341772154	0.7404431818181818	-0.5122533084004602
004P	haplotype2	21550000	21551000	0.5743861386138613	0.8830855048211013	-0.3086993662072399
004P	haplotype2	21559000	21560000	0.2393943661971831	0.555934124386252	-0.3165397581890689
004P	haplotype2	21563000	21564000	0.5733382352941176	0.8316845783132529	-0.2583463430191353
004P	haplotype2	21577000	21578000	0.21061403508771928	0.6544774774774775	-0.4438634423897583
004P	haplotype2	21586000	21587000	0.45228571428571424	0.7123886113886113	-0.2601028971028971
004P	haplotype2	21591000	21592000	0.6255384615384615	0.32832710858273567	0.2972113529557258
004P	haplotype2	21595000	21596000	0.8830347551342812	0.5908162185013435	0.29221853663293773
004P	haplotype2	21603000	21604000	0.8288032407407407	0.5309881018949985	0.2978151388457423
004P	haplotype2	21604000	21605000	0.7265866388308977	0.396751510878324	0.3298351279525737
004P	haplotype2	21621000	21622000	0.35566666666666663	0.6374265536723165	-0.28175988700564986
004P	haplotype2	21636000	21637000	0.3455818181818182	0.785426274121722	-0.43984445593990373
004P	haplotype2	21662000	21663000	0.9303333333333332	0.6627961452928095	0.26753718804052373
004P	haplotype2	21702000	21703000	0.5920000000000001	0.8420526315789474	-0.2500526315789473
004P	haplotype2	21710000	21711000	0.6205852941176472	0.9078529411764706	-0.28726764705882346
004P	haplotype2	21711000	21712000	0.5445742574257425	0.8809702380952381	-0.3363959806694956
004P	haplotype2	21716000	21717000	0.43834246575342467	0.7535564516129032	-0.3152139858594785
004P	haplotype2	21731000	21732000	0.4413039215686274	0.9337972475285907	-0.4924933259599633
004P	haplotype2	21737000	21738000	0.43247747747747745	0.6831338028169014	-0.25065632533942395
004P	haplotype2	21739000	21740000	0.44040740740740736	0.7318913043478261	-0.29148389694041876
004P	haplotype2	21740000	21741000	0.384144	0.703203125	-0.31905912500000005
004P	haplotype2	21757000	21758000	0.6418308457711444	0.3484444444444444	0.29338640132669996
004P	haplotype2	21771000	21772000	0.7263333333333334	0.42871428571428566	0.2976190476190477
004P	haplotype2	21801000	21802000	0.2328767123287671	0.5778333333333334	-0.3449566210045663
004P	haplotype2	21810000	21811000	0.534	0.8685348837209302	-0.3345348837209302
004P	haplotype2	21833000	21834000	0.211979797979798	0.4763025054129292	-0.2643227074331312
004P	haplotype2	21838000	21839000	0.5240361445783133	0.8628741312741313	-0.338837986695818
004P	haplotype2	21849000	21850000	0.3803223140495868	0.7733515625	-0.39302924845041326
004P	haplotype2	21875000	21876000	0.48091139240506325	0.7590357142857143	-0.278124321880651
004P	haplotype2	21896000	21897000	0.3286	0.660822695035461	-0.332222695035461
004P	haplotype2	21943000	21944000	0.3618723404255319	0.6885172413793104	-0.32664490095377846
004P	haplotype2	21947000	21948000	0.5893658536585367	0.8627685296340759	-0.27340267597553924
004P	haplotype2	21948000	21949000	0.35025	0.645625	-0.295375
004P	haplotype2	21976000	21977000	0.47683923705722064	0.7636083456062839	-0.28676910854906323
004P	haplotype2	21978000	21979000	0.20258419243986256	0.7012030075187969	-0.49861881507893435
004P	haplotype2	21991000	21992000	0.7061323529411764	0.44065536723163845	0.2654769857095379
004P	haplotype2	22011000	22012000	0.6628000000000001	0.39703070175438593	0.2657692982456141
004P	haplotype2	22028000	22029000	0.48166666666666663	0.8622576555023924	-0.3805909888357258
004P	haplotype2	22070000	22071000	0.38345205479452055	0.6371666666666667	-0.2537146118721461
004P	haplotype2	22078000	22079000	0.5611056910569107	0.8551142857142857	-0.29400859465737506
004P	haplotype2	22136000	22137000	0.3423873873873874	0.6953333333333334	-0.35294594594594597
004P	haplotype2	22164000	22165000	0.65	0.9429722222222223	-0.2929722222222223
004P	haplotype2	22209000	22210000	0.4444444444444444	0.7280735294117648	-0.2836290849673204
004P	haplotype2	22210000	22211000	0.44234615384615383	0.9113037974683543	-0.4689576436222005
004P	haplotype2	22250000	22251000	0.49200000000000005	0.816386961722488	-0.324386961722488
004P	haplotype2	22262000	22263000	0.6296666666666667	0.9145705128205128	-0.2849038461538461
004P	haplotype2	22279000	22280000	0.684078947368421	0.0	0.684078947368421
004P	haplotype2	22282000	22283000	0.3192127659574468	0.6807549019607844	-0.36154213600333757
004P	haplotype2	22283000	22284000	0.47646666666666665	0.7798402308558559	-0.3033735641891892
004P	haplotype2	22292000	22293000	0.6043955223880597	0.9	-0.2956044776119403
004P	haplotype2	22293000	22294000	0.5693211678832115	0.8910192307692307	-0.3216980628860192
004P	haplotype2	22298000	22299000	0.5313333333333333	0.8333333333333333	-0.30199999999999994
004P	haplotype2	22305000	22306000	0.7416666666666666	0.3582537313432836	0.383412935323383
004P	haplotype2	22311000	22312000	0.4998653846153846	0.8421644736842105	-0.34229908906882595
004P	haplotype2	22321000	22322000	0.5116744186046512	0.8537649572649573	-0.34209053866030603
004P	haplotype2	22338000	22339000	0.8050975609756098	0.39233333333333337	0.41276422764227644
004P	haplotype2	22348000	22349000	0.73	0.4375	0.2925
004P	haplotype2	22349000	22350000	0.21946153846153843	0.7717391304347826	-0.5522775919732441
004P	haplotype2	22359000	22360000	0.36524719101123604	0.6760140845070423	-0.3107668934958062
004P	haplotype2	22363000	22364000	0.5341428571428571	0.8164285714285713	-0.28228571428571414
004P	haplotype2	22364000	22365000	0.3944788732394366	0.7141666666666666	-0.31968779342723
004P	haplotype2	22370000	22371000	0.4921587301587302	0.8064193548387097	-0.31426062467997956
004P	haplotype2	22378000	22379000	0.4077631578947368	0.7128333333333334	-0.3050701754385966
004P	haplotype2	22383000	22384000	0.45452066115702483	0.7289583333333334	-0.27443767217630854
004P	haplotype2	22546000	22547000	0.6575833333333333	0.917348623853211	-0.25976529051987773
004P	haplotype2	22619000	22620000	0.576943820224719	0.8274594254032257	-0.2505156051785067
004P	haplotype2	22678000	22679000	0.6395	0.8986988636363635	-0.2591988636363636
004P	haplotype2	22679000	22680000	0.6469999999999999	0.9311487491548344	-0.28414874915483446
004P	haplotype2	22681000	22682000	0.541	0.7947465240641711	-0.2537465240641711
004P	haplotype2	22691000	22692000	0.9674878048780488	0.5110615493220384	0.45642625555601035
004P	haplotype2	22692000	22693000	0.9587855670103093	0.4758973121548361	0.48288825485547315
004P	haplotype2	22693000	22694000	0.9758266129032258	0.5124973390866595	0.4633292738165663
004P	haplotype2	22729000	22730000	0.9359999999999999	0.6550985915492957	0.2809014084507042
004P	haplotype2	22746000	22747000	0.44301265822784813	0.783265060240964	-0.34025240201311585
004P	haplotype2	22756000	22757000	0.409447619047619	0.6815536600496279	-0.2721060410020089
004P	haplotype2	22782000	22783000	0.29979999999999996	0.7152303030303031	-0.41543030303030315
004P	haplotype2	22860000	22861000	0.5864137931034483	0.8442437853408726	-0.2578299922374243
004P	haplotype2	22878000	22879000	0.2031522842639594	0.47257142857142853	-0.26941914430746916
004P	haplotype2	22931000	22932000	0.5464285714285714	0.8999315846994536	-0.3535030132708822
004P	haplotype2	23016000	23017000	0.4873697478991596	0.8904864864864865	-0.40311673858732694
004P	haplotype2	23019000	23020000	0.376017094017094	0.7816510416666667	-0.40563394764957267
004P	haplotype2	23055000	23056000	0.7143333333333334	0.9842500000000001	-0.2699166666666667
004P	haplotype2	23150000	23151000	0.9366197183098591	0.679488782051282	0.2571309362585771
004P	haplotype2	23224000	23225000	0.4781739130434783	0.8041727941176471	-0.3259988810741688
004P	haplotype2	23349000	23350000	0.9803921568627451	0.5834312770562771	0.396960879806468
004P	haplotype2	23366000	23367000	0.5927522123893805	0.910408163265306	-0.3176559508759256
004P	haplotype2	23367000	23368000	0.49233333333333335	0.786114270092947	-0.29378093675961364
004P	haplotype2	23691000	23692000	0.5426666666666667	0.9328432835820895	-0.3901766169154227
004P	haplotype2	23701000	23702000	0.30321311475409835	0.717741935483871	-0.41452882072977265
004P	haplotype2	23791000	23792000	0.6404453125	0.8982353320438428	-0.25779001954384273
004P	haplotype2	23836000	23837000	0.6836892138939671	0.4322343851596864	0.2514548287342807
004P	haplotype2	23848000	23849000	0.9570000000000001	0.7017852112676055	0.25521478873239456
004P	haplotype2	23884000	23885000	0.7018771929824561	0.9569212962962963	-0.2550441033138402
004P	haplotype2	23931000	23932000	0.5810000000000001	0.8564739583333334	-0.2754739583333333
004P	haplotype2	23933000	23934000	0.6120597014925373	0.8879567736185384	-0.2758970721260011
004P	haplotype2	24065000	24066000	0.4832499999999999	0.8403182072829132	-0.3570682072829133
004P	haplotype2	24077000	24078000	0.9374374999999999	0.5503735632183908	0.3870639367816091
004P	haplotype2	24129000	24130000	0.9642857142857143	0.6813756756756756	0.2829100386100387
004P	haplotype2	24283000	24284000	0.8292317073170732	0.54652	0.2827117073170732
004P	haplotype2	24336000	24337000	0.3878367346938776	0.6474567354965586	-0.259620000802681
004P	haplotype2	24492000	24493000	0.14870212765957447	0.40411742424242425	-0.2554152965828498
004P	haplotype2	24583000	24584000	0.9136272727272727	0.6181532567049808	0.29547401602229195
004P	haplotype2	24754000	24755000	0.9579999999999999	0.6720944995864351	0.2859055004135648
004P	haplotype2	24774000	24775000	0.46552873563218394	0.7420851254480287	-0.2765563898158448
004P	haplotype2	24877000	24878000	0.373	0.6998552894211576	-0.3268552894211576
004P	haplotype2	25044000	25045000	0.5397631578947368	0.8632214611872145	-0.3234583032924777
004P	haplotype2	25054000	25055000	0.8656638655462184	0.5528750000000001	0.3127888655462183
004P	haplotype2	25110000	25111000	0.9428409090909091	0.6621285565579459	0.2807123525329632
004P	haplotype2	25219000	25220000	0.5971791044776119	0.8492796610169492	-0.2521005565393373
004P	haplotype2	25232000	25233000	0.5294117647058824	0.8619382716049382	-0.33252650689905583
004P	haplotype2	25278000	25279000	0.8703148148148148	0.5940297619047619	0.2762850529100529
004P	haplotype2	25287000	25288000	0.5482967741935483	0.9241400397940074	-0.3758432656004591
004P	haplotype2	25295000	25296000	0.929965034965035	0.6667777777777777	0.26318725718725733
004P	haplotype2	25397000	25398000	0.5785123966942148	0.9483432835820895	-0.3698308868878747
004P	haplotype2	25410000	25411000	0.8701428571428572	0.47007461523475547	0.40006824190810175
004P	haplotype2	25422000	25423000	0.6887303921568626	0.3590263819095477	0.3297040102473149
004P	haplotype2	25476000	25477000	0.5778000000000001	0.8707041764818233	-0.2929041764818232
004P	haplotype2	25479000	25480000	0.3333333333333333	0.8372093023255814	-0.5038759689922481
004P	haplotype2	25564000	25565000	0.7992086614173228	0.5404287174246295	0.25877994399269333
004P	haplotype2	25601000	25602000	0.9311149425287355	0.6157621951219512	0.3153527474067843
004P	haplotype2	25673000	25674000	0.947	0.6580403726708075	0.28895962732919245
004P	haplotype2	25780000	25781000	1.0	0.719121794871795	0.28087820512820505
004P	haplotype2	25783000	25784000	0.9713999999999998	0.7070217074592076	0.26437829254079226
004P	haplotype2	26199000	26200000	0.6323382352941176	0.9865167785234901	-0.3541785432293725
004P	haplotype2	26248000	26249000	0.6276020408163265	0.909905	-0.28230295918367343
004P	haplotype2	26292000	26293000	0.8498833333333332	0.4898181818181818	0.3600651515151514
004P	haplotype2	26308000	26309000	0.928595238095238	0.3767955223880597	0.5517997157071783
004P	haplotype2	26566000	26567000	0.03356164383561644	0.3756309055809055	-0.34206926174528907
004P	haplotype2	26571000	26572000	0.6040208333333335	0.9776086901604142	-0.37358785682708073
004P	haplotype2	26572000	26573000	0.513	0.8255833333333333	-0.3125833333333333
004P	haplotype2	26610000	26611000	0.36809433962264154	0.7846153846153846	-0.41652104499274306
004P	haplotype2	26754000	26755000	0.9751404958677686	0.6589999999999999	0.3161404958677687
004P	haplotype2	26805000	26806000	0.7103064066852368	0.9727454196217494	-0.2624390129365126
004P	haplotype2	26817000	26818000	0.4846000000000002	0.7755902991077959	-0.29099029910779567
004P	haplotype2	27092000	27093000	0.6397657657657658	0.8987540540540541	-0.25898828828828824
004P	haplotype2	27157000	27158000	0.6153138461538462	0.9534059565407293	-0.33809211038688314
004P	haplotype2	27302000	27303000	0.5207685950413223	0.9623333333333335	-0.44156473829201115
004P	haplotype2	27326000	27327000	0.6014313725490196	0.8530699300699301	-0.2516385575209106
004P	haplotype2	27333000	27334000	0.6667777777777778	0.9243529411764706	-0.2575751633986928
004P	haplotype2	27334000	27335000	0.5945244755244755	0.8995267857142857	-0.30500231018981017
004P	haplotype2	27341000	27342000	0.375	0.6306363636363637	-0.25563636363636366
004P	haplotype2	27346000	27347000	1.0	0.7436087878787878	0.2563912121212122
004P	haplotype2	27387000	27388000	0.628530612244898	0.9413773954255099	-0.3128467831806119
004P	haplotype2	27401000	27402000	0.9263263157894738	0.6644267686072218	0.26189954718225195
004P	haplotype2	27556000	27557000	0.9109999999999999	0.5697088607594937	0.34129113924050625
004P	haplotype2	27723000	27724000	0.2926341463414634	0.6612337570621469	-0.36859961072068353
004P	haplotype2	27740000	27741000	0.9583333333333334	0.48525	0.47308333333333336
004P	haplotype2	27743000	27744000	0.7113999999999999	0.9938	-0.2824000000000001
004P	haplotype2	27748000	27749000	0.625	0.9016393442622951	-0.2766393442622951
004P	haplotype2	27800000	27801000	0.9593513513513512	0.6491205432937182	0.31023080805763303
004P	haplotype2	27886000	27887000	0.9326424870466321	0.6474194480481188	0.2852230389985133
